14.098,-5.1117
19.878,-21.358
-16.017,2.0279
-25.031,2.6568
-20.037,12.39
28.507,-11.029
-11.754,-45.167
-27.309,21.919
-3.702,-22.782
-7.3785,14.815
8.2781,-8.8654
34.227,25.644
-46.629,29.116
-12.656,-46.04
-23.205,35.838
32.76,-7.6957
0.51602,-22.793
19.895,-21.341
16.376,15.531
48.647,-18.61
52.886,14.878
-38.96,24.014
22.513,-6.3176
32.151,27.678
2.7811,-17.471
32.421,30.808
-6.3478,10.717
24.11,-8.3307
-14.698,1.8791
-35.118,28.545
-15.95,33.288
43.81,-19.095
10.79,-21.193
14.896,3.0551
-20.52,-26.78
-3.0038,-25.612
-23.465,-28.16
14.856,20.521
19.259,24.829
-4.0817,-18.394
-9.707,-41.679
-12.656,-39.86
-38.848,24.037
6.5266,-5.6709
26.15,25.278
32.422,30.816
20.448,13.649
-9.7483,-44.541
39.057,19.948
-4.2639,-18.491
-11.933,-45.259
-11.525,-34.324
-28.563,-23.92
-18.337,-24.946
54.863,25.31
2.0148,-36.917
-12.664,-39.867
6.4972,-5.6993
-11.159,30.551
19.914,-11.05
-2.0386,-19.069
37.778,23.444
-16.867,-33.064
-1.5557,-28.464
13.029,-19.589
44.177,-20.029
-28.62,-24.23
10.088,-7.8856
-1.1317,-28.131
12.062,-16.052
-23.155,35.181
53.707,13.353
50.082,18.374
-34.881,12.892
-13.318,1.2307
38.508,21.966
-0.49953,-20.48
43.865,25.484
23.708,-8.3887
18.128,5.003
58.729,12.586
7.4675,-6.6416
-23.167,18.709
60.176,15.611
3.5432,-28.855
31.862,-9.0222
25.261,-8.4393
33.49,25.333
-18.412,2.1357
-35.822,16.429
-30.444,28.1
-10.753,30.736
-6.1542,-24.52
28.583,20.925
32.786,24.851
-19.497,20.038
-36.303,16.724
-7.9506,-43.676
42.647,-19.968
-36.598,16.438
-40.952,11.173
5.5031,-6.3824
11.188,-7.1547
11.237,-3.3883
17.459,15.333
51.936,15.517
52.366,-20.622
47.869,25.551
-9.8193,25.372
54.994,-14.588
12.228,-16.134
-7.3779,15.226
-35.916,27.708
54.281,26.04
-25.525,10.367
31.71,27.024
-4.6637,-40.945
-33.559,24.664
-11.334,1.658
20.432,7.1549
59.708,13.869
14.387,-4.8454
59.591,15.932
9.4715,-18.316
-34.602,9.4275
53.27,27.745
29.906,-13.346
21.326,25.488
-46.367,30.165
-25.649,-23.454
53.985,12.905
-17.652,-33.998
3.5,-19.843
29.875,24.84
-40.283,5.808
17.663,-9.2709
-12.878,14.513
-17.367,-24.563
6.4824,-16.922
50.988,-17.181
12.681,22.214
21.021,25.515
19.882,10.456
20.252,12.506
-3.5779,-34.786
-30.281,4.7685
-20.369,-31.809
49.182,20.054
-6.6242,10.685
-21.159,19.43
59.764,15.171
-18.471,13.126
19.005,8.4698
21.885,-21.742
-16.9,2.0961
20.573,25.127
-28.894,20.633
-25.086,2.6609
-43.299,10.54
-47.737,26.294
45.823,28.705
22.574,-6.2752
-20.846,36.866
-14.012,32.663
27.113,24.4
-10.726,-42.064
46.663,-20.588
4.3584,-32.579
-12.859,-45.655
9.2693,-8.3456
-13.883,14.222
-23.36,35.218
-33.66,9.4342
-35.957,27.656
60.276,15.527
3.199,-29.253
20.328,25.415
-48.789,23.996
54.692,11.589
38.019,22.854
47.856,25.538
-27.34,16.219
-25.623,-23.442
21.81,-21.789
-16.602,-32.52
-21.948,7.5166
-39.581,23.52
1.4297,-37.184
4.468,-34.885
-28.704,5.1501
-7.8305,-40.699
-43.221,13.153
39.98,12.489
-8.9334,-38.085
4.9946,22.413
-41.69,13.818
43.083,15.283
-1.128,-18.301
52.322,-20.547
29.152,23.603
-14.866,22.56
28.697,22.026
4.8114,17.381
17.512,-25.161
57.053,20.724
47.915,25.323
-39.355,8.952
53.387,14.11
-41.61,21.355
-10.785,30.397
-47.483,26.847
10.103,-17.766
-5.2258,-39.178
-38.265,25.107
3.3197,-20.063
-33.077,32.331
-28.804,30.214
-22.066,7.4693
-15.666,-37.783
40.389,12.916
13.479,-19.254
54.515,10.101
50.737,-20.134
-45.913,17.399
-35.505,16.673
26.062,-16.42
2.5325,-36.515
16.483,14.875
-39.629,23.464
20.403,25.39
31.22,-11.366
30.047,24.921
-4.4146,-38.577
51.188,-17.101
-35.05,9.3697
12.824,-19.701
52.614,-20.673
29.197,-13.929
-6.0793,-43.055
10.634,-3.8236
10.771,24.185
-22.402,35.928
-4.5714,-38.721
-23.593,-28.202
-21.465,1.2848
54.882,-21.645
54.597,-21.397
-5.6047,10.613
-10.531,1.6707
-2.1814,-33.328
-8.1233,-40.904
12.016,-16.082
38.913,20.295
20.392,13.182
7.755,24.699
14.988,3.3658
51.798,-20.42
-10.517,30.494
-14.162,14.299
-15.476,1.9647
36.13,25.167
20.847,-15.648
26.502,-16.12
21.367,-20.288
-19.245,12.85
-38.749,11.451
-25.809,23.229
-12.002,1.6948
-25.046,34.158
-18.043,20.675
43.666,24.814
-47.251,12.155
-26.322,3.0442
23.998,-8.3347
52.416,15.098
22.671,25.777
-8.8573,-44.129
17.74,-24.994
-1.2509,-32.681
-1.1924,-18.365
26.52,25.125
46.177,-17.719
-28.496,30.526
-39.207,20.05
-48.659,24.273
-12.346,1.7023
-13.888,-36.102
5.6287,23.791
-37.302,16.269
-11.275,-46.022
-10.581,0.62777
-7.2508,0.90776
31.684,-9.2022
21.525,-20.21
-17.581,-33.846
32.489,28.2
19.924,11.414
-15.583,9.5473
-18.441,8.7962
-45.66,17.678
20.409,13.265
9.3821,-8.282
-11.491,14.795
-31.044,4.7037
48.435,22.266
-47.637,26.482
-25.867,33.529
8.2156,24.515
12.214,-12.201
-45.272,12.076
-34.645,29.482
-4.6968,-38.834
-18.163,32.395
32.568,-8.0138
-40.359,11.203
11.86,-1.2172
-44.466,15.559
22.515,-23.985
-18.142,2.1419
-16.22,33.274
-34.375,9.4552
-14.22,-40.97
-19.235,2.2035
2.093,-38.165
53.313,-15.903
-23.165,2.4853
-18.747,20.316
42.105,-20.088
-45.368,14.663
31.841,-10.973
-3.3135,-34.534
-8.9505,15.035
59.779,15.118
5.5749,23.258
-1.7362,-18.767
10.131,-4.1381
-24.467,-28.364
-37.215,26.101
-25.924,10.246
-32.944,9.3992
-11.027,30.94
52.236,-16.068
10.792,24.238
26.354,-16.203
22.49,25.753
14.045,-26.207
-47.34,12.065
37.946,22.213
3.0933,-35.957
-1.1295,-20.901
8.9052,24.7
17.446,15.511
-38.803,24.822
-21.115,-27.571
17.479,13.96
-27.72,9.9959
27.236,24.507
4.7012,23.091
29.104,-16.486
30.536,-12.343
59.333,13.282
-9.6432,10.145
53.473,13.915
-4.0168,-38.228
-7.2648,-25.129
-12.34,-43.076
21.9,-19.915
-20.575,8.0857
-18.735,8.717
16.795,-9.6887
22.15,-9.4645
-20.9,7.9404
28.633,-10.928
54.773,24.981
16.718,17.063
49.106,20.254
-11.054,-42.289
-27.121,32.202
-18.876,13.046
22.624,-9.1027
10.883,-3.6349
-43.541,10.535
22.644,-23.872
-12.85,-35.256
-20.537,12.442
54.09,-15.212
-27.992,31.21
8.6338,-5.4531
-46.183,29.545
-37.978,20.879
-21.637,36.381
27.581,22.109
-6.2939,-22.119
55.306,24.7
31.405,26.663
21.402,25.533
-19.709,-30.284
-26.891,22.319
-33.24,17.942
51.64,15.67
27.432,-8.8601
-18.831,13.047
-48.73,24.117
11.134,-20.764
43.148,15.343
-27.333,10.039
3.0479,-24.372
-19.814,2.1773
60.214,14.58
-15.819,-32.009
-42.071,7.3487
-25.503,33.75
54.87,-21.643
44.132,-20.072
-33.925,17.431
46.864,-17.247
-48.198,25.3
48.266,-18.819
-13.789,-36.017
-19.24,8.5986
28.893,-10.749
29.603,-13.608
-8.693,25.387
-40.196,5.7504
60.207,14.577
2.1838,-36.814
-12.274,24.296
54.504,11.693
20.427,7.1383
-37.942,9.0092
-14.896,22.65
-41.055,6.289
-3.0443,-22.306
-24.051,10.811
4.0446,21.96
-6.2665,14.524
-46.248,13.082
-5.0305,-26.528
-21.406,36.515
-44.736,18.487
-8.5154,-25.785
-41.033,14.133
28.686,21.925
-5.4495,1.0836
-23.935,-22.653
-11.398,-42.437
-7.9127,1.7671
-18.972,2.1857
0.014529,-17.499
-7.0228,1.0281
8.4005,-19.161
-9.6486,1.722
-8.6694,-44.127
2.1067,-21.49
-6.2035,15.04
-41.574,6.6642
16.545,9.9533
-33.708,31.137
-10.727,-29.244
15.99,18.906
6.5253,-5.6716
20.857,-20.617
13.99,-11.198
-20.425,2.233
-38.347,24.723
-14.7,13.989
54.605,11.224
-14.835,9.7479
-1.5728,-21.219
-25.873,22.987
11.976,-12.315
8.6752,-8.6303
27.354,23.562
-44.677,18.53
-9.6634,25.396
32.757,28.749
55.566,-21.699
-13.866,-40.613
13.546,20.273
-33.13,32.212
38.557,20.363
-21.91,19.187
12.421,-0.64918
12.496,-6.232
26.294,25.236
44.259,-19.957
-35.036,29.048
-15.246,22.45
21.016,25.464
22.714,-21.211
-22.311,19.044
-21.547,2.3976
-22.826,18.88
-46.145,30.916
50.386,-20.052
-41.447,21.522
12.9,-11.834
5.6401,16.225
-38.895,24.815
17.932,4.0206
-1.3658,-32.752
-45.307,14.768
18.43,-8.7942
-24.45,-28.363
-25.794,22.948
-11.205,1.5971
30.457,-15.136
0.55802,-22.758
-10.962,-38.972
-34.066,24.162
59.101,12.995
-14.272,-41.068
-2.7706,-22.101
-6.8858,-22.518
-9.8182,14.949
-40.089,19.481
-39.981,23.096
-44.693,18.52
-24.433,-22.899
-3.2942,-34.505
-12.617,-43.493
43.527,24.064
-39.589,19.83
-9.9907,1.7355
11.909,-20.437
-29.242,-24.063
6.3888,-17.012
21.647,-9.8117
38.975,19.635
8.4393,24.276
-31.26,4.6953
54.933,-14.706
1.3866,-38.39
48.265,22.843
-16.718,-32.48
-7.0025,15.148
-24.253,34.965
50.294,-17.623
27.302,-8.8632
48.442,22.238
-28.983,5.0791
-14.952,1.1379
6.5912,-16.809
-16.163,33.248
11.858,-2.9253
-34.92,16.91
-41.736,11.01
-11.666,24.67
-35.096,28.696
17.393,9.6625
-16.772,33.096
-4.9386,-41.211
48.754,-18.53
-42.922,10.625
-33.332,31.799
48.265,22.842
44.106,26.057
5.0952,22.513
10.505,23.114
-17.62,20.947
52.51,14.602
54.588,10.516
2.8925,-24.515
-19,20.219
-21.794,2.4372
-36.043,9.1758
43.253,15.051
-0.65514,-32.285
32.37,30.919
-29.379,29.427
37.364,23.867
-34.093,30.432
19.596,21.327
32.438,-11.965
48.384,-18.758
-20.063,12.754
-11.151,30.538
-7.674,-37.361
-19.599,8.4646
47.175,-16.773
-3.4985,-17.964
16.397,-25.984
12.679,-11.971
-8.5685,-37.873
-12.845,-45.652
-22.912,35.295
-33.747,3.5031
4.3305,-34.984
4.8323,17.334
3.0433,-29.426
24.126,-8.3255
-16.212,-32.16
54.658,11.614
38.149,21.608
-26.481,5.8801
-22.675,1.4863
43.688,24.901
4.63,-34.762
-22.263,19.051
48.606,21.721
15.28,-10.456
42.468,-20.054
20.888,-10.363
-27.182,-23.874
47.843,26.123
-20.726,36.932
13.829,-19.055
-4.1025,-38.293
-11.505,14.795
-12.284,14.659
12.469,22.252
31.354,26.603
49.858,18.76
18.104,4.8878
-18.302,-28.654
-19.581,-30.11
-40.234,6.3701
10.766,24.178
-8.2309,15.352
46.768,-19.675
-33.09,32.345
-24.129,34.595
-30.212,28.37
30.952,-14.64
-19.627,2.1799
51.938,-20.444
-21.176,12.198
-5.2914,-19.014
-17.626,32.72
26.56,-8.7677
47.83,26.177
-19.776,12.437
-38.163,20.733
2.409,-36.63
-26.592,5.8318
37.826,23.408
19.034,-23.952
-15.397,33.158
22.775,-6.0978
4.9469,23.348
-33.757,31.046
22.288,25.732
-39.369,23.887
-15.319,9.6147
26.93,-15.765
-7.6289,15.295
52.922,14.458
14.979,-27.023
29.889,24.857
-27.325,-23.858
-20.996,-27.429
-10.866,25.045
55.999,23.209
53.402,14.146
51.501,15.969
-32.768,3.5566
23.076,-5.5869
-15.871,-31.951
-26.731,5.7843
10.406,-7.6706
53.481,27.288
-18.96,2.1435
1.8436,-21.708
-45.837,11.847
5.5178,16.285
-14.559,9.7767
-38.025,5.587
4.9342,23.338
-36.881,26.472
-15.329,-37.444
-48.267,25.143
41.227,13.561
24.345,-13.335
39.236,19.456
-25.843,33.334
-36.593,4.9565
44.738,27.243
-18.014,32.493
10.896,-1.932
48.192,23.142
41.523,13.783
-27.345,16.21
43.642,16.688
43.431,15.825
10.769,24.186
17.271,-25.346
-34.393,9.4378
-44.801,15.289
-45.789,13.894
18.542,-24.384
-17.48,-33.611
-0.024313,-17.526
-6.5581,1.1679
-13.358,-40.325
-9.391,-45.872
42.933,-19.47
-7.7933,1.7842
-15.7,-37.823
-20.108,12.652
14.4,1.9839
-25.872,10.278
4.6332,-27.602
-2.6786,-29.427
-5.366,-19.05
-23.551,18.547
-5.531,-19.122
-26.681,3.1135
-24.556,10.601
13.75,-26.502
-14.217,-40.965
-8.4201,15.268
53.987,26.473
-20.941,-27.269
-15.733,-37.863
22.443,-21.377
32.709,28.651
-32.476,4.7931
51.718,-16.584
43.962,18.028
48.219,23.031
-23.793,-28.26
-10.441,30.263
-27.399,-24.134
42.692,-19.482
11.915,-20.58
-7.8618,1.777
20.648,7.0538
6.1822,-5.9851
-13.36,1.776
10.733,-17.229
15.664,-26.456
15.966,-10.109
28.775,-14.299
-46.078,29.65
11.955,-16.289
19.675,24.76
-14.693,32.992
-27.084,2.5072
43.264,15.209
-15.54,33.233
-26.904,10.093
-17.575,-37.02
-6.0255,14.636
56.782,21.271
-13.944,14.144
-44.804,18.391
-39.184,5.2365
-10.698,-42.045
52.083,-16.635
17.537,14.821
19.298,9.281
27.614,21.72
32.423,30.814
19.314,9.3199
-25.624,2.8849
2.6637,-33.786
-22.466,35.792
-12.972,14.486
50.978,-17.17
-32.521,9.3968
-27.901,21.432
13.639,-19.153
-18.91,-29.3
27.568,-11.724
-42.768,13.372
12.406,-12.116
2.7176,-17.522
-26.103,6.0322
-20.518,2.2391
-15.761,2.0004
-27.754,16.029
-4.5521,-23.389
3.8635,21.429
-45.064,15.064
-32.788,18.175
-19.136,2.0055
-11.555,31.083
-10.439,-44.702
15.647,-10.274
-38.712,5.7684
-41.614,8.7509
14.82,0.83084
-28.327,21.105
54.245,12.128
55.484,-21.256
-13.284,32.259
11.589,-6.8503
-43.201,16.553
19.539,24.908
-15.54,1.968
32.252,27.743
4.669,18.285
14.985,-10.621
30.17,25.136
25.01,-22.786
15.988,2.965
50.976,-17.171
-36.75,5.1821
-21.932,2.4467
-34.634,29.509
-8.2459,14.741
17.125,16.286
-27.651,5.4693
32.718,-7.7564
53.334,-20.87
-29.031,5.0699
-40.185,5.2972
17.805,-9.1779
19.921,24.849
16.568,14.364
-7.8495,-25.411
38.538,20.882
-14.059,-40.786
47.213,-16.744
-12.16,14.678
55.195,-21.131
1.9643,-38.192
-40.113,22.93
-35.046,16.799
38.451,21.611
-12.908,-35.339
-27.048,16.353
-28.914,20.619
4.3998,18.161
46.427,-17.606
13.766,-19.082
-14.656,1.8808
-12.19,-30.085
-25.775,2.9115
-7.6873,10.442
-40.288,22.736
14.67,20.668
10.526,23.342
38.532,21.165
-6.1171,14.712
-14.034,14.267
46.781,-20.597
54.254,-14.939
-10.108,-41.793
28.162,-17.219
-8.8432,10.221
55.697,23.776
-8.6628,-43.914
-28.441,30.71
-27.118,16.321
-11.199,-42.367
-3.1416,-29.854
-1.8271,-33.057
-3.6969,-30.356
45.376,28.276
-20.832,-27.223
-14.569,22.559
-22.946,35.894
-15.613,-31.945
-12.755,23.975
28.697,-14.363
-10.4,30.23
-14.711,-36.861
-41.873,21.126
17.758,22.443
19.729,10.954
-10.405,-33.31
17.451,22.187
-18.638,-29.012
22.165,-21.556
1.291,-30.884
24.789,-22.852
34.918,25.656
-26.49,32.851
13.726,-0.68756
-23.724,18.431
3.4368,-23.959
-11.692,-42.597
31.828,-10.965
-36.52,16.518
-9.238,15.041
-24.612,34.551
-40.002,5.249
22.832,-8.8828
-43.746,16.098
-28.809,30.212
-40.678,5.5678
-8.0291,10.358
-9.4945,-41.603
-41.114,8.8072
43.692,24.913
-13.181,14.447
-19.214,20.135
-4.9211,-41.181
-35.829,16.422
16.754,0.17259
17.004,0.68796
54.714,10.837
29.868,-13.378
47.752,26.451
2.4129,-21.179
4.4024,22.012
-28.792,-24.167
4.9404,-34.55
19.961,-10.997
-15.906,-38.092
-22.677,7.2762
-17.028,-32.974
-38.715,8.9799
17.616,-9.2932
19.532,10.624
1.9202,-30.38
15.228,-10.489
-40.925,22.042
-9.0236,-26.085
1.437,-38.357
39.704,12.281
37.646,23.021
-27.419,21.779
54.479,-21.212
20.394,-15.991
10.965,-1.8886
19.705,21.156
17.626,2.7659
8.8092,24.299
-31.649,4.7031
-36.227,9.1439
10.762,24.168
-11.004,-26.913
-35.492,28.546
13.131,-1.5292
4.7921,17.691
17.414,9.6694
54.197,11.335
2.8465,-20.648
-36.351,27.104
20.26,-16.079
54.206,11.341
-35.089,16.781
43.889,17.663
4.8861,16.467
5.2831,-27.088
-5.6136,-26.841
-11.326,31.024
15.997,-10.089
22.625,25.77
-19.506,-30.026
-14.851,-36.993
-48.664,24.262
36.588,24.762
-45.998,30.304
28.318,-17.098
-25.641,2.8879
-27.157,22.027
-6.9646,1.167
57.043,20.744
23.677,-23.249
11.545,-3.1652
-25.593,-23.433
11.52,-6.8974
25.687,25.374
8.3617,-8.8038
21.355,-20.294
-8.5052,-25.779
-22.436,19.044
42.718,-19.505
-11.097,-29.454
17.049,-25.529
52.937,-20.733
-17.58,-24.621
-12.38,31.656
-8.5835,-43.894
18.452,6.4008
-25.239,2.7455
60.478,14.89
26.829,24.955
54.861,25.298
-34.633,29.375
-6.526,10.701
-37.142,9.0168
-14.258,14.067
20.484,-10.644
4.1728,-16.066
-20.088,-26.238
27.764,-11.603
43.808,17.323
-0.5648,-32.236
20.155,-10.854
22.809,-23.742
-25.064,10.487
-47.406,11.99
21.551,-15.037
-26.385,22.698
-20.902,7.9372
-5.4999,-42.548
13.916,-5.2568
21.249,-22.179
21.083,-20.463
53.495,-15.278
-25.246,34.042
1.5622,-37.129
-14.117,-36.297
-11.626,1.6945
43.462,16.066
-3.5721,-18.036
4.7934,17.662
13.274,-19.404
4.5406,-34.83
5.323,23.347
-41.998,8.7618
-34.516,29.762
12.084,-6.5083
-46.82,28.407
-27.168,16.299
-42.65,13.397
-44.444,15.588
-14.188,22.8
-37.632,25.668
50.059,18.455
-9.7012,0.65824
-42.744,8.9255
-4.8122,-18.775
-10.78,1.6237
11.23,-20.611
-43.755,19.4
56.47,22.027
3.1913,-20.213
-26.928,5.7032
11.951,-16.283
-27.457,10.03
-42.107,10.891
9.2591,-18.5
17.516,11.328
36.562,24.784
-18.312,-24.935
9.1111,24.632
-11.234,24.889
-0.9543,-27.989
-7.7131,-43.493
-5.9904,1.2264
53.293,27.698
4.4099,17.117
-34.737,23.522
55.845,-21.686
-28.203,30.979
24.667,-13.17
4.9748,-27.307
-16.981,-32.827
37.901,22.337
21.068,-22.319
17.183,1.166
43.625,-19.11
17.519,12.936
-16.777,21.464
-10.281,1.6654
12.985,22.195
44.359,26.53
-15.003,33.037
-12.583,24.088
16.607,-28.052
3.668,-33.102
53.782,26.789
-6.8679,-22.527
-9.8037,1.7128
16.551,14.476
-19.77,-25.885
5.222,22.689
-15.919,-32.318
-17.246,32.923
-8.7518,-41.318
-45.757,13.93
4.6216,-27.604
3.1457,-24.267
17.204,1.2313
3.8667,-35.318
-8.1523,15.373
-40.094,22.928
18.561,6.8468
43.669,-20.671
19.285,-11.563
42.058,-19.813
-17.871,20.778
29.657,-13.497
-12.048,0.85128
-30.423,4.754
-23.981,-28.286
-9.8032,-45.879
54.648,25.555
-11.57,-39.26
60.069,15.703
11.912,-12.344
-10.866,-44.847
54.276,-21.291
-14.134,23.026
-35.449,28.291
-3.2045,-25.735
-0.61805,-17.944
-25.131,10.427
-26.099,10.222
-45.829,11.86
55.169,-21.682
-29.526,-23.919
-47.215,27.449
0.21867,-17.353
-46.483,29.586
59.192,16.901
-36.748,5.1792
-22.098,7.4618
13.176,20.197
-6.4621,-22.24
-18.952,-29.35
-24.579,2.534
55.316,24.651
-25.944,2.1328
-37.215,16.353
-28.876,30.075
-46.03,17.259
-4.2289,-38.43
-6.4564,10.711
12.928,22.208
23.682,25.75
54.748,-21.091
0.77098,-31.279
3.4242,-33.261
15.663,-26.458
-9.0667,10.194
-37.379,16.237
-25.38,23.488
15.011,3.4735
-16.874,2.0947
48.284,-18.819
15.046,3.5887
46.969,-17.049
60.498,14.937
28.533,-10.992
-13.725,32.515
47.49,27.317
11.669,-20.433
-42.553,8.8721
-34.652,12.899
53.267,27.75
51.43,16.224
50.999,-20.208
-46.275,16.512
-36.791,12.346
-8.6765,-37.949
-26.286,33.069
23.438,-8.4834
-16.388,-32.868
15.449,19.648
22.849,-23.713
10.648,23.814
-12.464,-45.488
14.955,3.2503
19.753,25.036
-23.426,-28.148
12.041,-12.281
-22.574,1.5151
-9.9587,-44.581
-2.0013,-19.031
8.6311,-18.988
42.383,-19.373
49.808,18.837
-18.391,-24.983
44.519,26.846
54.836,-14.854
-16.549,9.2748
18.835,7.704
-45.892,13.684
-24.868,34.492
-5.8457,1.1255
-17.542,32.763
-19.475,12.949
-23.862,-22.614
-18.265,-28.582
-15.317,1.9586
-17.36,21.128
-46.633,28.972
-23.566,18.537
48.804,21.06
22.994,-21.054
-27.338,31.975
-18.318,-28.674
53.971,8.7625
12.99,-15.547
30.716,25.826
49.427,-18.118
-2.289,-19.338
29.171,-16.437
54.492,25.759
13.621,-11.415
53.04,14.834
56.551,21.846
52.102,15.886
17.841,-24.929
32.206,-8.5991
-35.003,29.038
17.892,22.286
-38.861,15.445
-48.451,24.727
-44.833,15.27
-8.5036,0.75913
-32.838,18.103
-21.775,11.952
34.513,25.678
-22.4,2.4856
-33.486,17.728
45.721,28.703
17.289,1.5117
14.985,20.416
28.165,-11.323
5.1575,16.669
13.854,-5.305
38.759,20.721
2.7571,-20.762
-14.276,9.8135
-33.413,17.754
13.651,-26.601
22.912,-14.09
16.589,-28.062
11.043,-7.2723
26.654,-12.235
16.13,3.5428
-28.077,15.911
29.168,-16.439
-48.703,24.16
-13.158,32.186
-6.8613,10.64
54.074,9.0543
-2.3728,-29.167
60.349,15.118
-10.333,30.192
-20.191,-31.184
-22.916,18.872
-8.6405,-23.347
-46.466,16.169
19.185,21.623
-35.827,4.8979
-37.21,9.006
54.422,25.809
-21.206,7.8116
-41.523,8.7562
23.696,-8.398
-27.434,31.877
45.718,28.668
15.171,20.363
-19.113,-25.369
-8.1316,-40.91
26.993,24.778
-9.1872,15.029
10.937,-7.3485
19.867,-21.367
-10.7,-29.229
-35.844,4.9008
24.025,-23.106
-19.335,-25.446
7.6405,24.702
12.327,-2.4827
45.145,27.923
-21.665,2.407
-33.145,32.189
18.374,-12.237
-0.99444,-28.019
21.396,-15.165
-23.244,35.809
25.277,-12.881
9.2562,-8.3525
10.643,-21.326
-31.329,4.694
31.925,27.399
17.368,9.2994
-44.033,12.667
12.846,-19.695
-37.387,16.231
-39.167,5.2402
17.525,10.6
-24.655,34.167
-41.184,6.0283
-10.87,14.871
30.845,-11.879
31.235,-11.339
46.106,-20.463
-25.054,23.76
4.3087,17.185
14.895,20.512
-37.862,9.0114
-30.381,28.175
49.223,19.963
-37.233,4.4527
-22.934,18.863
-17.273,-33.417
17.528,-27.595
55.361,-21.21
22.851,-6.0071
11.501,-16.623
-11.771,14.743
-36.579,26.85
43.913,-20.339
32.47,24.527
18.454,6.404
-48.266,11.938
-27.634,-23.764
-33.087,32.359
8.68,24.87
18.947,-24.027
43.577,24.436
13.368,-1.2156
-41.408,21.557
27.546,-11.733
-12.4,-34.956
32.694,29.636
-18.34,32.272
-13.919,32.618
52.948,14.114
-14.505,23.074
4.3026,17.958
16.455,17.656
10.771,-3.7132
17.379,22.417
-0.78361,-27.857
-3.7314,-34.944
-21.8,1.3347
51.425,-20.314
16.155,18.37
-13.956,23.217
22.7,-6.1729
6.9339,-7.085
4.3933,-32.542
-4.4143,-26.267
-2.5045,-33.64
3.9457,-28.352
52.785,-20.744
1.3565,-30.833
-25.274,23.567
-23.461,35.428
12.335,-15.998
28.823,-10.803
43.639,16.654
-41.936,10.942
9.6833,-2.7049
43.916,17.82
-7.1158,-25.054
54.074,9.0592
43.224,14.981
11.739,-20.804
27.039,24.741
7.5305,-6.582
-9.395,0.71145
-24.69,10.55
18.235,22.222
-5.906,-21.847
-27.956,31.257
-10.659,1.7254
19.547,21.367
-18.215,20.605
-8.3803,-43.965
-19.267,-29.711
23.034,-8.7736
-6.6673,15.122
0.24258,-31.674
36.137,25.166
47.225,-16.58
-10.877,-29.336
44.493,26.786
53.978,8.7806
8.0919,24.619
-29.103,29.791
-34.897,12.893
8.5742,-8.6776
19.852,10.422
-39.017,24.038
-48.032,12.293
-13.88,-36.097
-20.52,-26.799
-34.875,4.3147
14.991,1.1158
55.24,-14.44
4.1755,17.913
-20.539,12.436
24.857,25.546
17.143,16.239
-28.63,-23.92
13.47,-11.483
-3.8127,-38.022
32.153,27.669
-2.2267,-19.28
45.529,28.413
3.8722,21.435
-1.283,-28.248
8.5932,24.884
3.3195,-24.082
29.358,-10.324
23.319,-13.878
17.699,3.0264
29.003,-14.17
19.925,11.401
-10.212,-28.935
42.498,-20.046
-25.97,33.407
51.486,-20.316
51.938,15.505
12.508,-15.848
-26.35,16.771
32.282,31.174
27.586,21.971
-12.392,-30.189
-6.1926,-43.154
-15.465,-37.585
31.17,-11.453
34.174,25.647
5.0912,16.693
-34.626,23.627
-6.8154,-24.919
12.864,-27.202
-38.277,24.882
52.78,14.903
17.353,9.2082
16.625,-28.043
-7.7292,-40.622
-19.492,-25.751
-8.355,-43.958
-33.215,4.2116
-1.8655,-33.093
-43.544,12.977
-40.227,11.215
44.211,26.243
46.854,-17.213
-46.033,30.502
-5.4135,1.0793
55.724,23.747
-36.753,5.1821
59.919,15.74
25.648,-8.5213
-46.152,16.902
8.6985,-18.94
-15.335,9.6106
-14.495,14.096
53.702,13.37
-23.294,7.0786
34.153,25.625
19.852,10.421
23.498,25.755
51.524,16.48
-11.579,31.113
-43.15,19.961
-12.522,1.7115
3.9694,-19.375
6.9874,-7.0489
45.907,-20.402
-39.033,8.9708
-13.374,32.307
-29.234,20.382
-10.812,25.067
-11.593,24.707
-30.753,27.714
-17.71,20.913
-46.988,28.013
-7.2487,-22.744
19.579,10.465
45.926,28.8
-11.39,-39.174
13.394,-26.833
38.848,12.077
48.682,21.403
-40.472,22.517
13.558,-19.201
4.1733,17.846
-33.368,4.9633
39.169,19.001
-46.26,30.745
-26.6,32.744
-16.253,33.32
-13.587,14.398
47.199,-16.738
15.445,19.664
-17.173,1.3673
13.39,-5.6486
-9.2661,0.71512
-38.542,8.9903
-25.715,33.565
-13.08,-35.442
43.705,16.919
3.8175,-16.475
-20.767,-26.989
-9.5588,25.408
-21.415,36.506
-6.5128,-24.757
-32.967,3.5382
-7.0487,-25.017
55.7,23.77
17.514,-9.3485
-46.561,30.082
-47.011,12.406
-45.994,17.344
56.796,21.236
19.771,-11.188
28.746,22.397
-30.381,28.187
49.412,19.508
16.224,3.8285
14.441,-27.599
-15.744,-31.949
50.816,17.289
-39.667,11.256
-9.1383,1.7213
-26.868,22.306
0.83879,-22.536
-16.217,13.658
-4.7751,-41.05
-45.516,17.773
46.023,-20.432
-34.174,17.287
11.06,-20.994
18.887,-24.082
20.457,14.318
-15.011,22.499
42.869,14.773
3.0197,-20.447
52.814,-15.755
8.2556,-19.259
-28.79,-24.202
11.323,-20.936
7.1599,-6.9159
-6.9673,-24.985
31.382,26.637
-8.4021,14.779
23.029,25.786
2.7538,-29.71
-21.723,2.4258
-6.7186,10.669
-16.74,-32.499
38.377,22.239
20.443,13.502
40.818,13.286
12.623,-12.005
-45.777,17.535
18.69,7.2917
-9.1075,-26.14
-26.108,-23.586
-19.551,-25.777
16.706,-25.773
-33.255,9.4118
-8.1953,-44.009
17.82,22.413
54.319,9.8117
-8.1898,-25.594
56.656,21.57
27.629,21.528
-28.947,29.998
47.931,25.699
-33.209,17.931
-18.328,20.53
-19.289,8.5781
-8.545,1.7583
1.5713,-21.943
-34.117,30.424
11.013,-7.2958
31.251,-11.304
-4.7783,-41.054
33.023,25.025
17.217,-27.748
-38.477,8.9939
-9.48,-45.881
2.7704,-33.702
52.323,-16.279
-13.636,-35.881
22.182,-14.56
47.434,27.578
-19.312,12.773
56.066,23
-19.772,-25.942
12.474,-6.2442
32.833,28.876
-35.475,28.224
46.954,-16.96
-7.9961,-23.11
-6.5448,14.529
17.839,-9.158
-30.472,4.7495
-17.57,20.97
-21.947,36.21
-35.422,9.2959
-25.654,-23.449
-27.321,10.044
-20.706,1.2475
3.9997,-19.344
-12.916,23.88
-33.865,4.2041
-29.851,28.816
-33.971,4.2084
54.437,-14.923
51.992,16.078
-17.968,-28.333
30.033,-15.52
45.859,28.747
17.423,22.218
-26.844,2.4368
-43.642,16.187
-19.141,8.6227
-28.342,5.2442
-18.613,20.405
-37.885,4.8116
16.224,3.8362
14.11,21.039
30.456,-15.135
16.623,13.676
-41.486,7.0248
17.177,-25.418
-48.022,12.323
28.938,23.058
-11.512,30.965
-40.236,6.3691
18.886,7.8639
30.542,-15.074
16.012,3.0641
54.173,9.4197
-11.04,-44.898
46.104,-17.782
52.807,-20.745
12.696,-15.726
14.994,18.953
-34.389,4.236
16.854,-25.673
-6.4903,-39.858
-0.49551,-20.479
39.168,18.898
16.928,-27.884
48.53,21.918
-9.9943,14.947
39.514,12.514
54.062,12.687
-11.532,24.746
-46.103,30.621
13.413,-5.6313
27.573,22.626
21.712,25.605
50.403,17.911
-46.063,17.037
-16.451,33.231
-33.311,31.853
-43.174,16.578
39.059,12.127
12.216,22.303
-17.738,-28.199
49.954,-17.803
-22.621,35.386
54.241,10.545
2.2313,-21.376
-10.924,14.866
54.281,9.7164
-28.661,20.839
-8.1776,-37.635
-18.019,1.3572
-10.348,-29.015
3.0378,-29.432
-17.623,-36.707
-7.2918,1.8437
-7.8031,-25.389
17.309,1.5742
49.856,18.766
32.326,31.058
-39.371,19.954
12.525,-0.53344
-23.905,-28.277
-23.94,34.681
58.972,12.854
-8.9759,10.208
-24.683,10.552
29.911,-15.628
27.215,24.237
-23.529,7.0069
-16.164,21.835
18.44,-24.469
-26.413,22.433
-10.751,1.6138
45.652,-20.382
-6.2778,1.093
-20.76,36.913
6.124,-6.0273
11.15,-3.4496
-12.324,-34.903
-18.992,2.0312
-18.158,-28.457
28.727,-14.321
-7.6371,-22.958
42.937,14.811
3.7711,-16.524
46.549,-19.683
48.812,21.008
5.3016,22.845
-26.906,2.4582
59.867,14.049
-12.626,24.073
-11.947,-45.264
-9.5569,25.408
50.239,18.143
9.5816,-2.7825
9.8072,-4.3859
42.75,14.701
2.3143,-21.287
27.206,24.141
12.438,-20.056
13.573,20.275
-26.249,22.922
16.575,14.281
-33.56,4.9965
32.391,27.969
-20.402,-26.683
13.59,-11.432
-17.339,-33.501
-1.24,-32.662
18.017,4.4562
47.571,-19.254
8.3353,24.327
45.575,28.54
-10.242,14.939
48.878,20.843
19.632,10.811
12.356,22.29
-37.237,21.587
-22.689,7.2712
39.58,12.361
16.754,-25.741
43.79,17.191
-7.7594,14.926
-16.221,-38.646
-11.545,-39.247
55.063,24.707
55.322,24.667
17.319,-9.4447
-1.8461,-18.872
-28.657,20.844
-4.1094,-30.694
-48.575,24.429
-20.713,2.2751
-11.16,-44.934
-13.635,23.407
42.257,-20.046
42.826,14.687
-27.446,5.5207
11.8,-16.396
53.426,-15.557
43.525,24.052
54.303,12.192
43.743,-20.585
-33.188,3.5358
-47.582,26.628
32.719,28.656
-27.114,-23.888
-1.6828,-21.3
4.335,17.165
-9.8647,10.128
-22.15,36.104
-17.717,-34.209
-8.0226,-23.121
11.257,-1.6993
-8.8197,10.225
23.005,-5.0752
-43.411,10.537
-7.2606,0.90042
-6.0864,14.8
-1.255,-28.225
37.384,23.848
22.923,-14.091
-20.998,36.775
2.9444,-33.579
8.5546,24.908
10.605,23.715
2.7498,-33.719
30.511,25.562
42.212,-19.447
13.617,21.064
-20.493,12.445
-15.176,13.896
24.487,-13.261
-14.617,22.976
-34.762,12.889
-15.563,33.257
23.469,25.751
-36.438,4.9418
-7.3239,0.8978
19.525,9.9393
40.235,12.779
-23.457,-28.159
-47.507,26.785
28.624,21.589
4.4029,21.987
18.151,22.283
14.229,20.95
3.8823,21.453
-3.6123,-25.942
3.1593,-24.252
-19.436,8.5294
4.3555,-27.866
19.979,-10.984
-23.747,6.9346
-8.8021,-38.018
-41.258,14.021
47.877,25.917
2.5253,-29.91
0.23687,-31.68
53.928,-21.114
-9.4596,-44.444
-38.831,24.822
51.526,16.484
18.873,-8.5053
-25.787,22.961
-26.874,5.7279
54.38,-14.857
37.494,23.674
47.409,27.699
3.5871,20.924
55.724,-21.641
-11.908,-42.734
-24.054,35.093
43.778,25.162
-42.823,13.342
29.513,24.315
-28.47,30.614
30.777,-14.901
-17.046,33.005
55.518,-14.31
-27.788,-24.093
36.056,25.219
48.256,23.325
-33.953,17.422
45.215,28.01
16.963,0.59762
-45.09,18.157
32.623,30.151
-29.922,19.919
-9.4663,-45.882
3.3407,-16.958
4.4745,22.617
39.171,19.047
27.207,-11.982
-14.119,23.17
46.346,-17.61
17.374,9.2495
3.6403,-33.12
16.17,16.342
43.536,24.145
-37.82,16.032
-34.576,4.263
59.134,13.033
-17.632,-36.704
-47.94,25.872
3.7127,-33.074
38.151,21.822
-27.561,16.112
34.103,25.622
10.63,-7.5625
39.939,12.423
-16.374,-32.85
-24.751,2.5913
19.732,24.96
43.916,17.823
30.839,-11.886
10.716,-1.994
27.249,24.075
55.286,24.411
22.986,25.814
22.153,-6.514
20.609,-15.834
50.563,17.661
-7.9321,10.388
23.11,-8.7107
39.923,12.732
-36.149,4.9226
31.834,27.222
-12.635,-45.57
-4.1738,-30.739
60.027,14.554
3.6943,-33.086
52.797,-15.773
-34.214,24.014
52.817,-16.13
24.268,-8.3117
-46.778,28.467
-4.0251,-30.635
-38.196,4.6223
5.5501,23.06
1.7736,-37.04
-35.198,12.83
20.356,12.988
51.976,-16.724
-16.213,1.2305
26.853,-15.83
-6.2947,0.94833
28.151,-11.353
-1.6042,-18.666
10.7,-7.5275
44.995,-20.526
-46.542,29.616
17.367,22.387
53.155,-15.828
38.945,19.409
-15.825,2.0055
-12.637,-30.316
-1.9516,-18.979
-37.2,5.2919
32.685,29.676
-37.536,9.0208
-33.106,9.4016
14.473,-10.917
-8.1025,14.792
32.732,-7.7362
-36.286,12.536
42.297,-19.399
-11.597,-34.376
-15.987,9.4327
-36.515,16.527
-5.7487,10.656
4.4931,22.643
56.09,22.955
-0.85837,-20.718
-14.465,32.875
-26.166,22.467
-46.174,29.724
39.168,18.897
-2.5638,-33.697
-45.936,11.828
-40.986,14.155
-16.222,-38.646
-11.414,-29.655
-33.844,24.382
-5.9271,-21.841
7.0578,-6.9963
59.657,16.024
-13.305,-35.613
-8.024,10.373
-38.272,20.65
11.273,-1.6663
-2.3341,-33.462
20.449,25.128
-3.6984,-34.91
51.304,16.41
-46.549,15.968
4.7589,23.156
38.16,22.757
-3.1042,-29.819
-10.037,-33.004
16.148,-28.343
-20.963,-27.375
-11.588,-34.367
-19.828,12.831
-28.954,-23.992
28.417,-11.108
-5.1939,-41.392
-15.048,-31.538
-25.091,23.725
-19.735,-25.904
-12.612,-39.836
-14.525,1.8596
17.387,22.404
-36.399,27.045
14.409,-4.8222
-27.863,9.9809
-9.0808,10.192
12.358,-20.103
8.9202,24.28
27.58,22.075
11.833,-20.41
20.988,-10.292
-8.4464,-37.79
-8.5664,-23.322
38.721,19.983
-14.112,-40.835
-7.3319,-43.149
2.2097,-36.792
15.913,19.072
-22.763,1.5145
-34.458,23.782
-44.776,15.307
-48.381,24.896
17.92,3.947
13.202,22.247
-18.177,13.223
-18.514,32.127
51.448,-16.996
-33.006,17.972
51.988,-16.548
22.379,-21.421
-38.661,24.851
-6.7862,14.679
43.905,17.698
-27.076,-23.863
54.541,-15.164
-25.577,-23.427
43.605,24.55
-5.2825,-19.01
0.74499,-31.299
-22.494,19.028
40.223,12.788
-38.481,15.665
-26.347,-23.645
20.444,13.502
21.893,-19.919
-16.056,-38.347
54.257,10.459
-18.755,8.722
13.533,-0.97746
-5.2207,1.1079
16.348,-24.501
-27.775,-24.096
