Decay Difference,Constant Thrust Difference,Constant Accel Difference,Boost Sustain Difference,Two Step Difference,Bucket Difference,Hold Regress Difference,Boost Wait Boost Difference
2.4432e+07,2.4449e+07,2.4432e+07,2.4435e+07,2.4451e+07,2.4468e+07,2.4434e+07,2.4446e+07
1.1328e+06,1.1501e+06,1.1328e+06,1.1377e+06,1.1519e+06,1.1694e+06,1.1353e+06,1.148e+06
7.4527e+05,7.6279e+05,7.4527e+05,7.4894e+05,7.6462e+05,7.8146e+05,7.4794e+05,7.592e+05
1.817e+07,1.8153e+07,1.817e+07,1.8167e+07,1.815e+07,1.8134e+07,1.8167e+07,1.8157e+07
1.0955e+06,1.1129e+06,1.0955e+06,1.1e+06,1.1147e+06,1.1321e+06,1.0981e+06,1.1103e+06
1.5444e+08,1.5446e+08,1.5444e+08,1.5445e+08,1.5446e+08,1.5448e+08,1.5445e+08,1.5446e+08
1.7522e+05,1.9271e+05,1.7522e+05,1.7932e+05,1.9433e+05,2.1144e+05,1.7789e+05,1.8971e+05
3.9974e+05,4.173e+05,3.9974e+05,4.0332e+05,4.1898e+05,4.358e+05,4.0248e+05,4.1359e+05
7.1222e+05,7.2904e+05,7.1222e+05,7.1779e+05,7.3073e+05,7.4826e+05,7.1458e+05,7.2756e+05
5.4484e+06,5.4658e+06,5.4484e+06,5.452e+06,5.4678e+06,5.4846e+06,5.451e+06,5.4622e+06
58338,73608,58336,64678,76350,93372,59639,73630
3.0652e+05,3.2389e+05,3.0651e+05,3.0965e+05,3.258e+05,3.4201e+05,3.0931e+05,3.1971e+05
1.3631e+07,1.3648e+07,1.3631e+07,1.3635e+07,1.365e+07,1.3667e+07,1.3634e+07,1.3645e+07
5.4486e+06,5.466e+06,5.4486e+06,5.452e+06,5.4681e+06,5.4846e+06,5.4512e+06,5.4621e+06
20732,33988,20731,26104,37169,53153,21174,35438
5.3031e+05,5.4785e+05,5.3031e+05,5.3389e+05,5.4961e+05,5.6639e+05,5.3302e+05,5.4414e+05
1.8586e+06,1.8759e+06,1.8586e+06,1.8619e+06,1.878e+06,1.8945e+06,1.8612e+06,1.872e+06
1.7399e+06,1.7574e+06,1.7399e+06,1.7434e+06,1.7593e+06,1.776e+06,1.7425e+06,1.7536e+06
4.2689e+07,4.2706e+07,4.2689e+07,4.2692e+07,4.2708e+07,4.2725e+07,4.2691e+07,4.2702e+07
41062,56915,41060,47214,59713,76753,42548,57438
2.3714e+05,2.5453e+05,2.3714e+05,2.4194e+05,2.5637e+05,2.7377e+05,2.3967e+05,2.5235e+05
1.44e+06,1.4575e+06,1.44e+06,1.4441e+06,1.4593e+06,1.4765e+06,1.4426e+06,1.4545e+06
1.3021e+06,1.3196e+06,1.3021e+06,1.3059e+06,1.3214e+06,1.3384e+06,1.3047e+06,1.3162e+06
8.719e+07,8.7207e+07,8.719e+07,8.7193e+07,8.7209e+07,8.7226e+07,8.7192e+07,8.7203e+07
1.5918e+06,1.6091e+06,1.5918e+06,1.595e+06,1.6112e+06,1.6276e+06,1.5943e+06,1.6051e+06
5.2072e+05,5.3761e+05,5.2072e+05,5.2627e+05,5.3933e+05,5.5688e+05,5.2309e+05,5.3616e+05
1.3417e+05,1.516e+05,1.3417e+05,1.3809e+05,1.5316e+05,1.7015e+05,1.3685e+05,1.4846e+05
1.0017e+06,1.0191e+06,1.0017e+06,1.0052e+06,1.0211e+06,1.0378e+06,1.0043e+06,1.0155e+06
2.8546e+07,2.8563e+07,2.8546e+07,2.8549e+07,2.8566e+07,2.8582e+07,2.8549e+07,2.856e+07
2.1954e+07,2.1971e+07,2.1954e+07,2.1957e+07,2.1973e+07,2.199e+07,2.1956e+07,2.1967e+07
3.4174e+06,3.4347e+06,3.4174e+06,3.4207e+06,3.4369e+06,3.4533e+06,3.4199e+06,3.4308e+06
2.7491e+08,2.7492e+08,2.7491e+08,2.7491e+08,2.7493e+08,2.7494e+08,2.7491e+08,2.7492e+08
7.4393e+07,7.4411e+07,7.4393e+07,7.4397e+07,7.4413e+07,7.4429e+07,7.4396e+07,7.4407e+07
28688,44019,28686,35339,47150,64153,29635,44901
15994,27138,15993,21533,31610,47307,14232,29611
4.3554e+05,4.5237e+05,4.3554e+05,4.4114e+05,4.5412e+05,4.7166e+05,4.3788e+05,4.5099e+05
3.0541e+05,3.2119e+05,3.0541e+05,3.1135e+05,3.2291e+05,3.3996e+05,3.0746e+05,3.1996e+05
1.1219e+05,1.2958e+05,1.1219e+05,1.1674e+05,1.3122e+05,1.485e+05,1.1477e+05,1.2714e+05
1.7331e+06,1.7504e+06,1.7331e+06,1.7382e+06,1.7522e+06,1.7697e+06,1.7356e+06,1.7484e+06
1.124e+06,1.1415e+06,1.124e+06,1.1285e+06,1.1433e+06,1.1606e+06,1.1266e+06,1.1389e+06
1.7363e+06,1.7536e+06,1.7363e+06,1.7412e+06,1.7554e+06,1.7729e+06,1.7388e+06,1.7515e+06
8.5092e+06,8.5266e+06,8.5092e+06,8.5127e+06,8.5286e+06,8.5453e+06,8.5118e+06,8.5229e+06
1.3484e+05,1.5213e+05,1.3484e+05,1.3986e+05,1.5404e+05,1.7144e+05,1.3731e+05,1.5031e+05
46519,63058,46517,52559,65541,82850,48393,62891
4.8456e+07,4.8473e+07,4.8456e+07,4.8459e+07,4.8475e+07,4.8492e+07,4.8459e+07,4.8469e+07
9.4992e+05,9.6742e+05,9.4992e+05,9.5353e+05,9.6928e+05,9.8608e+05,9.5257e+05,9.6378e+05
16722,25331,16721,21379,30116,45097,14174,28294
4.3927e+06,4.4102e+06,4.3927e+06,4.3967e+06,4.412e+06,4.4291e+06,4.3953e+06,4.407e+06
48279,64374,48277,54442,67036,84227,49912,64696
1.9135e+05,2.0674e+05,1.9135e+05,1.9735e+05,2.0861e+05,2.2547e+05,1.9322e+05,2.0566e+05
4.3756e+06,4.3929e+06,4.3756e+06,4.3789e+06,4.3951e+06,4.4115e+06,4.3781e+06,4.389e+06
95662,1.1046e+05,95659,1.0172e+05,1.127e+05,1.2934e+05,97169,1.0966e+05
70557,87852,70555,74133,89260,1.0608e+05,73280,84506
3.3573e+05,3.5322e+05,3.3572e+05,3.3902e+05,3.5504e+05,3.7152e+05,3.3851e+05,3.4919e+05
5.065e+07,5.0667e+07,5.065e+07,5.0653e+07,5.0669e+07,5.0686e+07,5.0652e+07,5.0663e+07
4.8233e+07,4.825e+07,4.8233e+07,4.8236e+07,4.8252e+07,4.8269e+07,4.8235e+07,4.8246e+07
1.5949e+07,1.5967e+07,1.5949e+07,1.5953e+07,1.5969e+07,1.5985e+07,1.5952e+07,1.5963e+07
8.2475e+07,8.2492e+07,8.2475e+07,8.2478e+07,8.2494e+07,8.2511e+07,8.2477e+07,8.2488e+07
79183,94850,79181,85321,97140,1.1423e+05,80904,94085
2.9006e+05,3.0573e+05,2.9006e+05,2.9602e+05,3.0746e+05,3.2444e+05,2.9208e+05,3.0452e+05
2.9147e+08,2.9149e+08,2.9147e+08,2.9148e+08,2.9149e+08,2.9151e+08,2.9148e+08,2.9149e+08
5.0906e+06,5.1078e+06,5.0906e+06,5.0938e+06,5.11e+06,5.1264e+06,5.0931e+06,5.104e+06
9.3297e+05,9.5031e+05,9.3297e+05,9.3621e+05,9.5238e+05,9.6877e+05,9.3559e+05,9.4632e+05
4.9399e+06,4.9571e+06,4.9399e+06,4.9431e+06,4.9593e+06,4.9757e+06,4.9424e+06,4.9533e+06
64132,80255,64130,70248,82824,1.001e+05,65823,80312
3.2256e+06,3.2429e+06,3.2256e+06,3.2289e+06,3.245e+06,3.2615e+06,3.2281e+06,3.2391e+06
1.9853e+05,2.1608e+05,1.9853e+05,2.0233e+05,2.1768e+05,2.3466e+05,2.0125e+05,2.1269e+05
24869,38803,24867,31350,42462,58994,24942,40357
2.2254e+06,2.2426e+06,2.2253e+06,2.2286e+06,2.2448e+06,2.2612e+06,2.2279e+06,2.2387e+06
4.3575e+05,4.5259e+05,4.3575e+05,4.4135e+05,4.5434e+05,4.7189e+05,4.3809e+05,4.512e+05
1.701e+08,1.7011e+08,1.701e+08,1.701e+08,1.7012e+08,1.7013e+08,1.701e+08,1.7011e+08
44741,60827,44738,51146,63530,80821,46293,61011
1.4802e+06,1.4977e+06,1.4802e+06,1.4838e+06,1.4996e+06,1.5163e+06,1.4828e+06,1.494e+06
2.3172e+05,2.4829e+05,2.3172e+05,2.3753e+05,2.5018e+05,2.6767e+05,2.3391e+05,2.4721e+05
2.3564e+05,2.5223e+05,2.3564e+05,2.4145e+05,2.541e+05,2.716e+05,2.3784e+05,2.5115e+05
1.5775e+06,1.5949e+06,1.5775e+06,1.5825e+06,1.5966e+06,1.6141e+06,1.5801e+06,1.5928e+06
6.6881e+05,6.8633e+05,6.6881e+05,6.7235e+05,6.8815e+05,7.0489e+05,6.715e+05,6.8259e+05
2.4893e+07,2.491e+07,2.4893e+07,2.4896e+07,2.4912e+07,2.4929e+07,2.4895e+07,2.4906e+07
2.2926e+07,2.2943e+07,2.2926e+07,2.2929e+07,2.2945e+07,2.2962e+07,2.2928e+07,2.294e+07
1.5843e+08,1.5845e+08,1.5843e+08,1.5844e+08,1.5845e+08,1.5847e+08,1.5843e+08,1.5845e+08
1.3638e+05,1.5392e+05,1.3638e+05,1.401e+05,1.5534e+05,1.7225e+05,1.392e+05,1.5044e+05
1.7128e+08,1.7129e+08,1.7128e+08,1.7128e+08,1.713e+08,1.7131e+08,1.7128e+08,1.7129e+08
2.298e+07,2.2997e+07,2.298e+07,2.2983e+07,2.2999e+07,2.3016e+07,2.2982e+07,2.2993e+07
21093,31612,21091,25871,36120,51297,19556,32326
4.0966e+05,4.2693e+05,4.0966e+05,4.1268e+05,4.2858e+05,4.445e+05,4.1262e+05,4.2254e+05
1.9153e+05,2.0835e+05,1.9152e+05,1.9723e+05,2.1024e+05,2.2778e+05,1.9381e+05,2.0722e+05
4.1686e+05,4.341e+05,4.1686e+05,4.221e+05,4.3586e+05,4.5343e+05,4.1935e+05,4.3238e+05
1.3638e+07,1.3656e+07,1.3638e+07,1.3642e+07,1.3658e+07,1.3674e+07,1.3641e+07,1.3652e+07
44879,27617,44882,40689,29598,17930,41279,31843
8.171e+07,8.1727e+07,8.171e+07,8.1713e+07,8.1729e+07,8.1746e+07,8.1712e+07,8.1723e+07
3.4082e+05,3.5811e+05,3.4082e+05,3.4591e+05,3.5994e+05,3.7747e+05,3.4331e+05,3.5627e+05
34157,48040,34155,40243,51430,67828,34568,48211
8.6686e+05,8.8431e+05,8.6686e+05,8.7025e+05,8.8624e+05,9.0281e+05,8.6953e+05,8.8042e+05
9.0581e+05,9.2334e+05,9.0581e+05,9.101e+05,9.2508e+05,9.4232e+05,9.0845e+05,9.2046e+05
5.2617e+06,5.279e+06,5.2617e+06,5.265e+06,5.2811e+06,5.2976e+06,5.2642e+06,5.2751e+06
3.2772e+06,3.2946e+06,3.2772e+06,3.2806e+06,3.2967e+06,3.3132e+06,3.2798e+06,3.2907e+06
2.6209e+05,2.7949e+05,2.6209e+05,2.668e+05,2.8135e+05,2.9871e+05,2.6463e+05,2.7722e+05
4.1209e+05,4.2893e+05,4.1209e+05,4.1768e+05,4.307e+05,4.4824e+05,4.1442e+05,4.2756e+05
3.556e+06,3.5734e+06,3.556e+06,3.5604e+06,3.5752e+06,3.5925e+06,3.5585e+06,3.5707e+06
4.1003e+06,4.1177e+06,4.1003e+06,4.1038e+06,4.1197e+06,4.1364e+06,4.1029e+06,4.1139e+06
3.6101e+05,3.438e+05,3.6101e+05,3.58e+05,3.4161e+05,3.2541e+05,3.5851e+05,3.4804e+05
1.3311e+07,1.3329e+07,1.3311e+07,1.3315e+07,1.3331e+07,1.3347e+07,1.3314e+07,1.3325e+07
19941,32535,19939,25536,36476,52428,19328,33246
7.2933e+06,7.3108e+06,7.2933e+06,7.2973e+06,7.3126e+06,7.3297e+06,7.2959e+06,7.3076e+06
9.3697e+05,9.5454e+05,9.3697e+05,9.4105e+05,9.5622e+05,9.7337e+05,9.3965e+05,9.5139e+05
1.9945e+06,2.0119e+06,1.9945e+06,1.9978e+06,2.0139e+06,2.0304e+06,1.9971e+06,2.0079e+06
3.4388e+07,3.4406e+07,3.4388e+07,3.4392e+07,3.4408e+07,3.4424e+07,3.4391e+07,3.4402e+07
3.134e+05,3.3012e+05,3.1339e+05,3.191e+05,3.3192e+05,3.4945e+05,3.1567e+05,3.2888e+05
80044,97242,80041,84575,99105,1.1616e+05,82560,95028
2.38e+06,2.3974e+06,2.3799e+06,2.3837e+06,2.3993e+06,2.4162e+06,2.3826e+06,2.394e+06
1.2693e+07,1.271e+07,1.2693e+07,1.2696e+07,1.2712e+07,1.2728e+07,1.2695e+07,1.2706e+07
6.4255e+05,6.6009e+05,6.4255e+05,6.4619e+05,6.6186e+05,6.787e+05,6.4524e+05,6.5645e+05
1.3172e+07,1.3189e+07,1.3172e+07,1.3175e+07,1.3191e+07,1.3208e+07,1.3174e+07,1.3185e+07
2.1555e+07,2.1572e+07,2.1555e+07,2.1558e+07,2.1575e+07,2.1591e+07,2.1558e+07,2.1569e+07
2.531e+05,2.7062e+05,2.5309e+05,2.5706e+05,2.723e+05,2.8936e+05,2.5576e+05,2.6742e+05
6.218e+05,6.3917e+05,6.218e+05,6.2505e+05,6.4121e+05,6.5759e+05,6.2446e+05,6.3516e+05
1.9188e+08,1.919e+08,1.9188e+08,1.9188e+08,1.919e+08,1.9192e+08,1.9188e+08,1.9189e+08
6.9719e+05,7.1405e+05,6.9718e+05,7.0273e+05,7.1574e+05,7.3329e+05,6.9956e+05,7.1256e+05
2.7892e+05,2.9465e+05,2.7891e+05,2.8487e+05,2.9639e+05,3.1341e+05,2.8094e+05,2.9344e+05
1.8219e+06,1.8394e+06,1.8219e+06,1.8256e+06,1.8412e+06,1.8581e+06,1.8245e+06,1.8359e+06
93802,1.1082e+05,93800,99321,1.1293e+05,1.3036e+05,96084,1.0978e+05
3.0326e+05,3.1911e+05,3.0326e+05,3.092e+05,3.2082e+05,3.3791e+05,3.0533e+05,3.1786e+05
69644,86313,69642,75429,88699,1.0605e+05,71651,85825
50080,66675,50078,55473,68951,86030,52158,65830
7.5372e+05,7.71e+05,7.5371e+05,7.5879e+05,7.7277e+05,7.9031e+05,7.5622e+05,7.6908e+05
1.1062e+05,1.2776e+05,1.1062e+05,1.1335e+05,1.2926e+05,1.45e+05,1.1374e+05,1.2319e+05
1.1427e+08,1.1428e+08,1.1427e+08,1.1427e+08,1.1429e+08,1.143e+08,1.1427e+08,1.1428e+08
3.1663e+05,3.3408e+05,3.1662e+05,3.2118e+05,3.3589e+05,3.5321e+05,3.192e+05,3.3158e+05
1.544e+05,1.7023e+05,1.5439e+05,1.6041e+05,1.7213e+05,1.8925e+05,1.5638e+05,1.6912e+05
7.4679e+05,7.643e+05,7.4679e+05,7.5086e+05,7.6609e+05,7.832e+05,7.4941e+05,7.6119e+05
2.2306e+06,2.2481e+06,2.2306e+06,2.235e+06,2.2499e+06,2.2672e+06,2.2332e+06,2.2454e+06
4.001e+05,4.1764e+05,4.0009e+05,4.0358e+05,4.1939e+05,4.3609e+05,4.0284e+05,4.1382e+05
7.8853e+05,8.0604e+05,7.8852e+05,7.9217e+05,8.0787e+05,8.247e+05,7.9118e+05,8.0243e+05
1.9881e+06,1.9709e+06,1.9881e+06,1.9849e+06,1.9687e+06,1.9523e+06,1.9857e+06,1.9748e+06
3.7712e+07,3.7729e+07,3.7712e+07,3.7715e+07,3.7731e+07,3.7748e+07,3.7714e+07,3.7725e+07
3.9669e+06,3.9843e+06,3.9669e+06,3.9706e+06,3.9862e+06,4.0031e+06,3.9695e+06,3.9808e+06
9.7733e+06,9.7907e+06,9.7733e+06,9.7769e+06,9.7926e+06,9.8095e+06,9.7759e+06,9.7872e+06
1.0379e+07,1.0397e+07,1.0379e+07,1.0383e+07,1.0398e+07,1.0415e+07,1.0382e+07,1.0393e+07
8.8496e+05,9.0248e+05,8.8496e+05,8.8905e+05,9.0427e+05,9.2139e+05,8.8759e+05,8.9938e+05
4.7384e+05,4.9075e+05,4.7384e+05,4.7939e+05,4.9246e+05,5.1002e+05,4.7622e+05,4.8929e+05
5.4576e+05,5.6281e+05,5.4576e+05,5.5118e+05,5.6453e+05,5.821e+05,5.4819e+05,5.6123e+05
8.1243e+05,8.2994e+05,8.1242e+05,8.1606e+05,8.3178e+05,8.4859e+05,8.151e+05,8.2631e+05
18839,31678,18838,25029,35574,51751,18270,34048
6.2395e+05,6.4076e+05,6.2395e+05,6.2953e+05,6.4247e+05,6.6e+05,6.263e+05,6.3931e+05
5.2686e+06,5.2859e+06,5.2686e+06,5.2719e+06,5.288e+06,5.3045e+06,5.2711e+06,5.2821e+06
2.7229e+05,2.8979e+05,2.7229e+05,2.7554e+05,2.9156e+05,3.0797e+05,2.7512e+05,2.8568e+05
4.1611e+07,4.1628e+07,4.1611e+07,4.1614e+07,4.163e+07,4.1646e+07,4.1613e+07,4.1624e+07
1.9222e+07,1.924e+07,1.9222e+07,1.9226e+07,1.9242e+07,1.9258e+07,1.9225e+07,1.9236e+07
93013,1.1014e+05,93011,95589,1.114e+05,1.2704e+05,96296,1.0536e+05
2.2274e+05,2.4006e+05,2.2274e+05,2.2569e+05,2.4142e+05,2.5732e+05,2.2587e+05,2.3553e+05
1.5119e+06,1.5294e+06,1.5119e+06,1.5159e+06,1.5312e+06,1.5483e+06,1.5145e+06,1.5262e+06
1.5503e+07,1.5521e+07,1.5503e+07,1.5507e+07,1.5523e+07,1.5539e+07,1.5506e+07,1.5517e+07
8.0392e+06,8.0565e+06,8.0392e+06,8.0425e+06,8.0586e+06,8.0751e+06,8.0417e+06,8.0527e+06
1.5645e+08,1.5647e+08,1.5645e+08,1.5645e+08,1.5647e+08,1.5649e+08,1.5645e+08,1.5646e+08
3.1047e+05,3.2639e+05,3.1047e+05,3.164e+05,3.281e+05,3.4522e+05,3.1256e+05,3.2513e+05
1.3512e+07,1.3529e+07,1.3512e+07,1.3515e+07,1.3531e+07,1.3548e+07,1.3514e+07,1.3526e+07
8.0835e+06,8.1007e+06,8.0835e+06,8.0867e+06,8.1029e+06,8.1193e+06,8.086e+06,8.0969e+06
2.0653e+05,2.239e+05,2.0653e+05,2.1161e+05,2.2572e+05,2.4321e+05,2.0907e+05,2.2202e+05
1.0665e+05,1.231e+05,1.0665e+05,1.126e+05,1.2533e+05,1.4276e+05,1.0864e+05,1.2256e+05
5.5031e+05,5.6781e+05,5.5031e+05,5.5462e+05,5.6959e+05,5.8683e+05,5.5292e+05,5.6498e+05
1.423e+07,1.4248e+07,1.423e+07,1.4234e+07,1.425e+07,1.4267e+07,1.4233e+07,1.4244e+07
3.597e+05,3.7713e+05,3.597e+05,3.629e+05,3.7898e+05,3.9533e+05,3.6248e+05,3.7301e+05
1.1662e+05,1.3365e+05,1.1662e+05,1.2206e+05,1.3575e+05,1.5321e+05,1.189e+05,1.3249e+05
4.3298e+06,4.3472e+06,4.3298e+06,4.3333e+06,4.3492e+06,4.3659e+06,4.3324e+06,4.3434e+06
7.0942e+06,7.1117e+06,7.0942e+06,7.0982e+06,7.1136e+06,7.1306e+06,7.0968e+06,7.1085e+06
5.1637e+06,5.1812e+06,5.1637e+06,5.1677e+06,5.1831e+06,5.2001e+06,5.1663e+06,5.178e+06
6.9936e+06,7.0111e+06,6.9936e+06,6.9977e+06,7.013e+06,7.0301e+06,6.9962e+06,7.008e+06
3.3124e+07,3.3141e+07,3.3124e+07,3.3127e+07,3.3143e+07,3.316e+07,3.3126e+07,3.3137e+07
23141,37180,23139,29222,40668,57110,23384,37711
3.5253e+06,3.5428e+06,3.5253e+06,3.5297e+06,3.5446e+06,3.5619e+06,3.5279e+06,3.5401e+06
1.0751e+08,1.0752e+08,1.0751e+08,1.0751e+08,1.0753e+08,1.0754e+08,1.0751e+08,1.0752e+08
8.1741e+05,8.3467e+05,8.1741e+05,8.2251e+05,8.3644e+05,8.5399e+05,8.1991e+05,8.3279e+05
2.4357e+07,2.4374e+07,2.4357e+07,2.436e+07,2.4376e+07,2.4393e+07,2.4359e+07,2.4371e+07
4.7722e+07,4.7739e+07,4.7722e+07,4.7726e+07,4.7742e+07,4.7758e+07,4.7725e+07,4.7736e+07
6.9739e+07,6.9756e+07,6.9739e+07,6.9742e+07,6.9758e+07,6.9775e+07,6.9741e+07,6.9752e+07
9.9416e+07,9.9433e+07,9.9416e+07,9.9419e+07,9.9435e+07,9.9452e+07,9.9418e+07,9.9429e+07
3.3905e+05,3.5656e+05,3.3905e+05,3.4306e+05,3.5827e+05,3.7535e+05,3.4169e+05,3.5341e+05
6.5931e+05,6.7677e+05,6.5931e+05,6.6387e+05,6.7857e+05,6.9592e+05,6.6189e+05,6.7425e+05
5.2847e+06,5.302e+06,5.2847e+06,5.288e+06,5.3042e+06,5.3206e+06,5.2873e+06,5.2981e+06
1.0589e+05,1.2329e+05,1.0588e+05,1.1053e+05,1.2506e+05,1.4228e+05,1.085e+05,1.2101e+05
6.5902e+07,6.5919e+07,6.5902e+07,6.5905e+07,6.5921e+07,6.5937e+07,6.5904e+07,6.5915e+07
9.8967e+05,1.0071e+06,9.8967e+05,9.9294e+05,1.009e+06,1.0255e+06,9.9234e+05,1.0031e+06
1.2737e+06,1.2912e+06,1.2737e+06,1.2772e+06,1.2931e+06,1.3098e+06,1.2764e+06,1.2874e+06
7.3948e+05,7.5697e+05,7.3948e+05,7.4402e+05,7.5874e+05,7.7609e+05,7.4209e+05,7.5439e+05
3.2384e+06,3.2557e+06,3.2384e+06,3.2417e+06,3.2578e+06,3.2743e+06,3.2409e+06,3.2518e+06
1.1842e+05,1.3556e+05,1.1842e+05,1.2381e+05,1.3758e+05,1.5506e+05,1.2078e+05,1.3425e+05
94321,1.1162e+05,94318,99266,1.1347e+05,1.3083e+05,96799,1.0973e+05
5.8329e+05,6.0076e+05,5.8329e+05,5.8664e+05,6.0266e+05,6.1918e+05,5.86e+05,5.9681e+05
3.6001e+06,3.6175e+06,3.6001e+06,3.6035e+06,3.6196e+06,3.6361e+06,3.6027e+06,3.6136e+06
7.4451e+05,7.6202e+05,7.4451e+05,7.4827e+05,7.6384e+05,7.8075e+05,7.4715e+05,7.5855e+05
7.3363e+06,7.3538e+06,7.3363e+06,7.3403e+06,7.3557e+06,7.3727e+06,7.3389e+06,7.3506e+06
9.0853e+05,9.2603e+05,9.0853e+05,9.1214e+05,9.2789e+05,9.4468e+05,9.1118e+05,9.2239e+05
3.8572e+06,3.8745e+06,3.8572e+06,3.8606e+06,3.8766e+06,3.8932e+06,3.8597e+06,3.8708e+06
2.9201e+05,3.079e+05,2.92e+05,2.9794e+05,3.0963e+05,3.2675e+05,2.9408e+05,3.0666e+05
1.2806e+05,1.4555e+05,1.2806e+05,1.3216e+05,1.4712e+05,1.6423e+05,1.3074e+05,1.4257e+05
2.0221e+05,2.1979e+05,2.0221e+05,2.0583e+05,2.2127e+05,2.3812e+05,2.0503e+05,2.1613e+05
42515,57567,42513,48722,60439,77268,43670,57294
2.188e+08,2.1881e+08,2.188e+08,2.188e+08,2.1882e+08,2.1883e+08,2.188e+08,2.1881e+08
2.2802e+06,2.2977e+06,2.2802e+06,2.2838e+06,2.2996e+06,2.3164e+06,2.2828e+06,2.294e+06
5.4111e+06,5.4286e+06,5.4111e+06,5.415e+06,5.4304e+06,5.4475e+06,5.4137e+06,5.4253e+06
4.4481e+05,4.6178e+05,4.4481e+05,4.5032e+05,4.6351e+05,4.8108e+05,4.4721e+05,4.6031e+05
1.8057e+06,1.8231e+06,1.8057e+06,1.8092e+06,1.8251e+06,1.8418e+06,1.8083e+06,1.8194e+06
1.1003e+06,1.1177e+06,1.1003e+06,1.1037e+06,1.1197e+06,1.1363e+06,1.103e+06,1.1139e+06
1.1906e+05,1.3653e+05,1.1906e+05,1.2221e+05,1.3788e+05,1.5451e+05,1.219e+05,1.3249e+05
2.8654e+05,2.6946e+05,2.8654e+05,2.838e+05,2.6718e+05,2.5129e+05,2.8407e+05,2.7397e+05
4.5438e+07,4.5456e+07,4.5438e+07,4.5442e+07,4.5458e+07,4.5474e+07,4.5441e+07,4.5452e+07
48644,65036,48641,54569,67603,84802,50454,64949
2.6468e+06,2.6643e+06,2.6468e+06,2.6505e+06,2.6662e+06,2.683e+06,2.6494e+06,2.6607e+06
3.5227e+06,3.54e+06,3.5227e+06,3.5259e+06,3.5421e+06,3.5585e+06,3.5252e+06,3.536e+06
90423,1.0778e+05,90421,93811,1.0923e+05,1.2596e+05,93162,1.0416e+05
33530,47269,33528,39567,50732,67064,33849,47447
1.2446e+07,1.2464e+07,1.2446e+07,1.245e+07,1.2466e+07,1.2483e+07,1.2449e+07,1.246e+07
1.2385e+07,1.2367e+07,1.2385e+07,1.2381e+07,1.2365e+07,1.2349e+07,1.2382e+07,1.2371e+07
38938,54210,38936,45184,57098,74003,40135,54057
6.3709e+05,6.5398e+05,6.3708e+05,6.4262e+05,6.5569e+05,6.7325e+05,6.3946e+05,6.525e+05
3.1742e+05,3.3484e+05,3.1742e+05,3.2211e+05,3.3667e+05,3.5404e+05,3.1997e+05,3.3252e+05
62012,78919,62009,67426,81113,98340,64254,77912
1.8273e+05,1.9845e+05,1.8272e+05,1.8873e+05,2.0035e+05,2.1743e+05,1.8466e+05,1.9737e+05
1.4887e+06,1.506e+06,1.4887e+06,1.4919e+06,1.5081e+06,1.5245e+06,1.4913e+06,1.502e+06
1.116e+05,1.2897e+05,1.116e+05,1.1625e+05,1.3078e+05,1.48e+05,1.1418e+05,1.2672e+05
5.8608e+07,5.8626e+07,5.8608e+07,5.8612e+07,5.8628e+07,5.8644e+07,5.8611e+07,5.8622e+07
3.5787e+06,3.5962e+06,3.5787e+06,3.5831e+06,3.598e+06,3.6153e+06,3.5813e+06,3.5935e+06
2.3128e+06,2.3302e+06,2.3128e+06,2.3163e+06,2.3322e+06,2.3489e+06,2.3154e+06,2.3265e+06
6.0564e+06,6.0737e+06,6.0564e+06,6.0598e+06,6.0759e+06,6.0924e+06,6.059e+06,6.0699e+06
3.9285e+07,3.9302e+07,3.9285e+07,3.9288e+07,3.9304e+07,3.932e+07,3.9287e+07,3.9298e+07
2.8493e+08,2.8495e+08,2.8493e+08,2.8494e+08,2.8495e+08,2.8497e+08,2.8494e+08,2.8495e+08
4.0981e+05,4.2735e+05,4.0981e+05,4.1345e+05,4.2906e+05,4.4592e+05,4.1251e+05,4.2373e+05
2.1324e+06,2.1498e+06,2.1324e+06,2.1358e+06,2.1518e+06,2.1684e+06,2.135e+06,2.1459e+06
1.1615e+06,1.179e+06,1.1615e+06,1.1652e+06,1.1808e+06,1.1977e+06,1.1641e+06,1.1755e+06
1.2438e+05,1.419e+05,1.2438e+05,1.2827e+05,1.4348e+05,1.6046e+05,1.2711e+05,1.3867e+05
2.2213e+06,2.2388e+06,2.2213e+06,2.2249e+06,2.2407e+06,2.2575e+06,2.2239e+06,2.2351e+06
4.2224e+07,4.2241e+07,4.2224e+07,4.2228e+07,4.2244e+07,4.226e+07,4.2227e+07,4.2238e+07
1.7393e+06,1.7567e+06,1.7393e+06,1.7426e+06,1.7587e+06,1.7752e+06,1.7419e+06,1.7527e+06
68087,83617,68084,74244,86092,1.0314e+05,69649,83020
4.5766e+06,4.594e+06,4.5766e+06,4.5803e+06,4.5959e+06,4.6128e+06,4.5792e+06,4.5905e+06
1.3826e+07,1.3844e+07,1.3826e+07,1.383e+07,1.3846e+07,1.3863e+07,1.3829e+07,1.384e+07
2.3382e+06,2.3556e+06,2.3382e+06,2.3415e+06,2.3576e+06,2.3741e+06,2.3408e+06,2.3517e+06
3.7027e+07,3.7045e+07,3.7027e+07,3.7031e+07,3.7047e+07,3.7063e+07,3.703e+07,3.7041e+07
1.0489e+07,1.0472e+07,1.0489e+07,1.0486e+07,1.047e+07,1.0454e+07,1.0487e+07,1.0476e+07
2.0604e+05,2.2358e+05,2.0604e+05,2.0923e+05,2.2513e+05,2.4152e+05,2.0899e+05,2.1936e+05
7.8872e+05,8.0624e+05,7.8872e+05,7.9269e+05,8.0803e+05,8.2508e+05,7.9135e+05,8.0301e+05
51357,67726,51355,57309,70317,87533,53144,67662
1.5053e+07,1.507e+07,1.5053e+07,1.5056e+07,1.5072e+07,1.5089e+07,1.5055e+07,1.5066e+07
1.7118e+05,1.8823e+05,1.7118e+05,1.7665e+05,1.9023e+05,2.0777e+05,1.735e+05,1.8697e+05
1.5989e+05,1.7739e+05,1.5989e+05,1.6336e+05,1.7894e+05,1.9573e+05,1.6262e+05,1.7368e+05
4.443e+06,4.4605e+06,4.443e+06,4.4468e+06,4.4624e+06,4.4793e+06,4.4456e+06,4.4571e+06
5.8777e+06,5.8606e+06,5.8777e+06,5.8746e+06,5.8583e+06,5.842e+06,5.8753e+06,5.8645e+06
2.7976e+07,2.7993e+07,2.7976e+07,2.7979e+07,2.7995e+07,2.8012e+07,2.7978e+07,2.7989e+07
3.0099e+06,3.0273e+06,3.0099e+06,3.0134e+06,3.0293e+06,3.046e+06,3.0125e+06,3.0236e+06
2.0515e+08,2.0517e+08,2.0515e+08,2.0515e+08,2.0517e+08,2.0519e+08,2.0515e+08,2.0516e+08
3.3709e+06,3.3883e+06,3.3709e+06,3.3753e+06,3.3902e+06,3.4075e+06,3.3735e+06,3.3857e+06
1.2325e+06,1.25e+06,1.2325e+06,1.236e+06,1.2519e+06,1.2686e+06,1.2351e+06,1.2462e+06
6.5413e+07,6.543e+07,6.5413e+07,6.5416e+07,6.5432e+07,6.5449e+07,6.5415e+07,6.5426e+07
2.4416e+05,2.5981e+05,2.4415e+05,2.5012e+05,2.616e+05,2.7859e+05,2.4614e+05,2.5864e+05
4.0069e+06,4.0242e+06,4.0069e+06,4.0103e+06,4.0263e+06,4.0429e+06,4.0094e+06,4.0204e+06
9.5634e+05,9.7385e+05,9.5634e+05,9.5999e+05,9.7567e+05,9.9252e+05,9.5899e+05,9.7025e+05
2.9968e+05,3.1631e+05,2.9968e+05,3.0542e+05,3.1814e+05,3.3563e+05,3.0192e+05,3.151e+05
7.8922e+05,8.0613e+05,7.8922e+05,7.9473e+05,8.0782e+05,8.2537e+05,7.9161e+05,8.046e+05
30940,46390,30938,36957,49432,66227,32115,47156
2.9454e+05,2.7705e+05,2.9454e+05,2.9104e+05,2.7517e+05,2.5845e+05,2.919e+05,2.8091e+05
44374,60253,44372,50552,63040,80145,45850,60713
62030,77396,62027,68202,79959,96939,63489,76861
3.9762e+05,4.1486e+05,3.9761e+05,4.0278e+05,4.1668e+05,4.3423e+05,4.0008e+05,4.131e+05
1.0993e+08,1.0994e+08,1.0993e+08,1.0993e+08,1.0995e+08,1.0996e+08,1.0993e+08,1.0994e+08
1.1421e+05,1.3142e+05,1.142e+05,1.1932e+05,1.3344e+05,1.5083e+05,1.166e+05,1.298e+05
2.4416e+06,2.4589e+06,2.4416e+06,2.4449e+06,2.461e+06,2.4775e+06,2.4441e+06,2.455e+06
4.0372e+07,4.039e+07,4.0372e+07,4.0376e+07,4.0392e+07,4.0408e+07,4.0375e+07,4.0386e+07
1.473e+07,1.4747e+07,1.473e+07,1.4733e+07,1.4749e+07,1.4766e+07,1.4732e+07,1.4743e+07
1.6447e+05,1.8199e+05,1.6447e+05,1.6766e+05,1.8338e+05,1.9996e+05,1.6735e+05,1.7788e+05
7.2646e+06,7.2821e+06,7.2646e+06,7.2685e+06,7.284e+06,7.301e+06,7.2672e+06,7.2788e+06
63176,78375,63173,69345,80979,97897,64557,77881
1.4538e+08,1.454e+08,1.4538e+08,1.4538e+08,1.454e+08,1.4542e+08,1.4538e+08,1.4539e+08
1.2926e+08,1.2928e+08,1.2926e+08,1.2927e+08,1.2928e+08,1.293e+08,1.2927e+08,1.2928e+08
1.7494e+06,1.7668e+06,1.7494e+06,1.7529e+06,1.7688e+06,1.7855e+06,1.752e+06,1.7631e+06
55476,71988,55474,61527,74463,91814,57351,71782
2.0348e+08,2.0349e+08,2.0348e+08,2.0348e+08,2.035e+08,2.0351e+08,2.0348e+08,2.0349e+08
35784,52449,35782,40905,54449,71472,38012,51193
2.4724e+06,2.4897e+06,2.4724e+06,2.4758e+06,2.4918e+06,2.5084e+06,2.475e+06,2.4859e+06
2.8482e+05,3.0233e+05,2.8482e+05,2.8882e+05,3.0401e+05,3.2108e+05,2.8747e+05,2.9918e+05
1.1791e+07,1.1808e+07,1.1791e+07,1.1794e+07,1.181e+07,1.1827e+07,1.1794e+07,1.1804e+07
7.5889e+07,7.5907e+07,7.5889e+07,7.5893e+07,7.5909e+07,7.5925e+07,7.5892e+07,7.5903e+07
3.9396e+07,3.9413e+07,3.9396e+07,3.94e+07,3.9416e+07,3.9432e+07,3.9399e+07,3.941e+07
3.2599e+05,3.4352e+05,3.2598e+05,3.299e+05,3.4522e+05,3.6226e+05,3.2865e+05,3.4025e+05
5.1623e+05,5.3298e+05,5.1623e+05,5.2186e+05,5.347e+05,5.5222e+05,5.1855e+05,5.3158e+05
2.1419e+06,2.1593e+06,2.1419e+06,2.1453e+06,2.1613e+06,2.1779e+06,2.1445e+06,2.1555e+06
1.2161e+07,1.2178e+07,1.2161e+07,1.2164e+07,1.218e+07,1.2197e+07,1.2163e+07,1.2174e+07
16818,21787,16817,18688,27470,40962,13030,23327
8.2528e+05,8.4224e+05,8.2528e+05,8.3075e+05,8.4393e+05,8.6149e+05,8.2769e+05,8.4068e+05
2.0727e+07,2.0744e+07,2.0727e+07,2.073e+07,2.0747e+07,2.0763e+07,2.073e+07,2.0741e+07
3.826e+05,4.0009e+05,3.826e+05,3.8592e+05,4.0193e+05,4.1844e+05,3.8535e+05,3.961e+05
46015,62271,46013,51996,64867,82018,47766,62289
1.2241e+06,1.2414e+06,1.2241e+06,1.2291e+06,1.2432e+06,1.2607e+06,1.2266e+06,1.2394e+06
2.3769e+06,2.3942e+06,2.3769e+06,2.3802e+06,2.3963e+06,2.4128e+06,2.3795e+06,2.3904e+06
2.0685e+07,2.0702e+07,2.0685e+07,2.0688e+07,2.0704e+07,2.0721e+07,2.0688e+07,2.0699e+07
1.9e+06,1.9173e+06,1.9e+06,1.9032e+06,1.9194e+06,1.9358e+06,1.9026e+06,1.9133e+06
1.0481e+08,1.0483e+08,1.0481e+08,1.0482e+08,1.0483e+08,1.0485e+08,1.0481e+08,1.0483e+08
1.3937e+07,1.3954e+07,1.3937e+07,1.394e+07,1.3956e+07,1.3973e+07,1.3939e+07,1.395e+07
2.6147e+07,2.6165e+07,2.6147e+07,2.6151e+07,2.6167e+07,2.6183e+07,2.615e+07,2.6161e+07
2.0755e+05,2.247e+05,2.0755e+05,2.1288e+05,2.2664e+05,2.4417e+05,2.0994e+05,2.2324e+05
1.3428e+07,1.3445e+07,1.3428e+07,1.3432e+07,1.3447e+07,1.3464e+07,1.343e+07,1.3442e+07
1.3869e+07,1.3886e+07,1.3869e+07,1.3872e+07,1.3888e+07,1.3905e+07,1.3871e+07,1.3882e+07
2.3642e+07,2.3659e+07,2.3642e+07,2.3646e+07,2.3661e+07,2.3678e+07,2.3645e+07,2.3656e+07
2.5665e+05,2.7421e+05,2.5665e+05,2.5992e+05,2.7589e+05,2.9236e+05,2.5953e+05,2.7009e+05
7.9395e+07,7.9412e+07,7.9395e+07,7.9398e+07,7.9414e+07,7.9431e+07,7.9397e+07,7.9408e+07
2.9831e+06,3.0005e+06,2.9831e+06,2.9876e+06,3.0023e+06,3.0197e+06,2.9857e+06,2.9979e+06
2.6624e+06,2.6798e+06,2.6624e+06,2.6658e+06,2.6819e+06,2.6984e+06,2.665e+06,2.6759e+06
2.1785e+06,2.196e+06,2.1785e+06,2.1827e+06,2.1978e+06,2.215e+06,2.1811e+06,2.193e+06
1.8724e+05,2.0479e+05,1.8723e+05,1.9077e+05,2.0632e+05,2.2313e+05,1.9003e+05,2.0108e+05
1.0945e+07,1.0963e+07,1.0945e+07,1.0949e+07,1.0965e+07,1.0981e+07,1.0948e+07,1.0959e+07
4.3497e+05,4.5252e+05,4.3497e+05,4.3855e+05,4.5421e+05,4.7103e+05,4.377e+05,4.4882e+05
1.8527e+06,1.8701e+06,1.8527e+06,1.8561e+06,1.8721e+06,1.8887e+06,1.8553e+06,1.8663e+06
9.16e+07,9.1617e+07,9.16e+07,9.1603e+07,9.1619e+07,9.1636e+07,9.1603e+07,9.1613e+07
1.1692e+05,1.3251e+05,1.1692e+05,1.2299e+05,1.3462e+05,1.5166e+05,1.1871e+05,1.3159e+05
33687,49767,33685,37887,51749,68221,35864,48023
1.1197e+06,1.137e+06,1.1197e+06,1.123e+06,1.1391e+06,1.1555e+06,1.1223e+06,1.1331e+06
1.4641e+06,1.4814e+06,1.4641e+06,1.469e+06,1.4832e+06,1.5007e+06,1.4666e+06,1.4793e+06
1.299e+05,1.4586e+05,1.299e+05,1.3593e+05,1.4795e+05,1.6519e+05,1.318e+05,1.4494e+05
2.4318e+06,2.4493e+06,2.4318e+06,2.4356e+06,2.4511e+06,2.4681e+06,2.4344e+06,2.4459e+06
6.2281e+05,6.3974e+05,6.2281e+05,6.2831e+05,6.4147e+05,6.5903e+05,6.2519e+05,6.3824e+05
6.3445e+06,6.362e+06,6.3445e+06,6.3485e+06,6.3638e+06,6.3809e+06,6.3471e+06,6.3589e+06
20307,32485,20306,25801,36524,52342,19517,33242
3.6736e+06,3.691e+06,3.6736e+06,3.6772e+06,3.693e+06,3.7097e+06,3.6762e+06,3.6874e+06
3.4899e+06,3.5074e+06,3.4899e+06,3.4943e+06,3.5092e+06,3.5265e+06,3.4925e+06,3.5047e+06
27943,40208,27941,33606,44057,59848,27525,40551
1.2749e+07,1.2767e+07,1.2749e+07,1.2753e+07,1.2769e+07,1.2785e+07,1.2752e+07,1.2763e+07
2.9006e+06,2.9181e+06,2.9006e+06,2.9043e+06,2.92e+06,2.9369e+06,2.9032e+06,2.9146e+06
21735,35231,21733,27731,38883,55116,21728,37346
1.3342e+06,1.3517e+06,1.3342e+06,1.3376e+06,1.3536e+06,1.3702e+06,1.3369e+06,1.3478e+06
1.279e+08,1.2792e+08,1.279e+08,1.279e+08,1.2792e+08,1.2794e+08,1.279e+08,1.2791e+08
40655,56601,40652,46921,59336,76468,42181,57111
7.8766e+06,7.8938e+06,7.8766e+06,7.8798e+06,7.8961e+06,7.9124e+06,7.8791e+06,7.8899e+06
7.2989e+05,7.4673e+05,7.2989e+05,7.3546e+05,7.4841e+05,7.6595e+05,7.3226e+05,7.4524e+05
1.9142e+08,1.9143e+08,1.9142e+08,1.9142e+08,1.9144e+08,1.9145e+08,1.9142e+08,1.9143e+08
2.0995e+07,2.1013e+07,2.0995e+07,2.0999e+07,2.1015e+07,2.1031e+07,2.0998e+07,2.1009e+07
4.9404e+06,4.9576e+06,4.9404e+06,4.9436e+06,4.9598e+06,4.9762e+06,4.9429e+06,4.9537e+06
3.4948e+06,3.5123e+06,3.4948e+06,3.4993e+06,3.5141e+06,3.5314e+06,3.4974e+06,3.5096e+06
3.2674e+06,3.2847e+06,3.2674e+06,3.2706e+06,3.2868e+06,3.3032e+06,3.2699e+06,3.2807e+06
40254,55729,40252,46643,58720,75758,41431,56432
50219,66655,50217,55915,69132,86244,52134,66332
16494,22400,16494,19031,27926,41818,12873,24030
21987,37031,21986,27835,40016,56612,23026,37750
3.5664e+07,3.5681e+07,3.5664e+07,3.5667e+07,3.5683e+07,3.57e+07,3.5666e+07,3.5677e+07
1.9015e+05,2.0591e+05,1.9015e+05,1.9615e+05,2.0779e+05,2.2488e+05,1.9211e+05,2.0481e+05
1.3733e+07,1.3751e+07,1.3733e+07,1.3737e+07,1.3753e+07,1.3769e+07,1.3736e+07,1.3747e+07
4.5801e+06,4.5976e+06,4.5801e+06,4.5841e+06,4.5994e+06,4.6165e+06,4.5827e+06,4.5944e+06
2.4421e+05,2.6167e+05,2.4421e+05,2.4884e+05,2.6345e+05,2.8079e+05,2.468e+05,2.5927e+05
1.1343e+07,1.136e+07,1.1343e+07,1.1346e+07,1.1362e+07,1.1379e+07,1.1345e+07,1.1356e+07
1.5658e+05,1.741e+05,1.5658e+05,1.6008e+05,1.7562e+05,1.9241e+05,1.5935e+05,1.7039e+05
5.1806e+05,5.3496e+05,5.1805e+05,5.2359e+05,5.3669e+05,5.5425e+05,5.2043e+05,5.335e+05
8.4752e+06,8.4924e+06,8.4752e+06,8.4784e+06,8.4946e+06,8.511e+06,8.4777e+06,8.4885e+06
1.0481e+06,1.0654e+06,1.0481e+06,1.0532e+06,1.0672e+06,1.0847e+06,1.0507e+06,1.0635e+06
4.2714e+06,4.2889e+06,4.2714e+06,4.2754e+06,4.2907e+06,4.3078e+06,4.274e+06,4.2857e+06
4.3177e+05,4.4931e+05,4.3176e+05,4.3538e+05,4.5102e+05,4.6786e+05,4.3447e+05,4.4566e+05
9.0191e+06,9.0364e+06,9.019e+06,9.0225e+06,9.0385e+06,9.0551e+06,9.0216e+06,9.0326e+06
58100,75130,58098,62965,77137,94247,60455,73413
21089,33446,21088,26965,37484,53429,20370,35572
1.451e+07,1.4527e+07,1.451e+07,1.4514e+07,1.4529e+07,1.4546e+07,1.4513e+07,1.4524e+07
4.7907e+05,4.9656e+05,4.7907e+05,4.8251e+05,4.9842e+05,5.1506e+05,4.8177e+05,4.9273e+05
4.2532e+07,4.255e+07,4.2532e+07,4.2536e+07,4.2552e+07,4.2568e+07,4.2535e+07,4.2546e+07
1.5406e+08,1.5407e+08,1.5406e+08,1.5406e+08,1.5408e+08,1.5409e+08,1.5406e+08,1.5407e+08
2.0952e+08,2.0953e+08,2.0952e+08,2.0952e+08,2.0954e+08,2.0955e+08,2.0952e+08,2.0953e+08
1.0269e+06,1.0442e+06,1.0269e+06,1.0318e+06,1.046e+06,1.0635e+06,1.0294e+06,1.0421e+06
1.889e+05,2.059e+05,1.889e+05,1.9439e+05,2.079e+05,2.2545e+05,1.912e+05,2.0467e+05
35193,51668,35191,39770,53725,70470,37389,50099
2.0598e+05,2.2292e+05,2.0598e+05,2.1167e+05,2.2479e+05,2.424e+05,2.0831e+05,2.2185e+05
1.7725e+06,1.7899e+06,1.7725e+06,1.7775e+06,1.7916e+06,1.8091e+06,1.7751e+06,1.7878e+06
2.6526e+06,2.67e+06,2.6526e+06,2.6561e+06,2.672e+06,2.6887e+06,2.6552e+06,2.6664e+06
1.8465e+05,2.0223e+05,1.8465e+05,1.8796e+05,2.038e+05,2.2033e+05,1.8757e+05,1.9816e+05
5.0713e+05,5.2465e+05,5.0713e+05,5.1052e+05,5.2645e+05,5.4305e+05,5.0988e+05,5.2071e+05
7.2154e+05,7.3906e+05,7.2154e+05,7.252e+05,7.4084e+05,7.5771e+05,7.242e+05,7.3548e+05
1.5973e+07,1.599e+07,1.5973e+07,1.5976e+07,1.5992e+07,1.6009e+07,1.5975e+07,1.5986e+07
3.2482e+05,3.4237e+05,3.2482e+05,3.2866e+05,3.4406e+05,3.6105e+05,3.275e+05,3.39e+05
20565,34753,20563,26527,37931,54334,21177,36193
91635,1.0852e+05,91633,94162,1.0996e+05,1.2545e+05,94785,1.0384e+05
2.8495e+05,3.0251e+05,2.8495e+05,2.8838e+05,3.0417e+05,3.2088e+05,2.8772e+05,2.9864e+05
23932,36112,23930,29493,40163,55944,23246,36773
6.0751e+06,6.0926e+06,6.0751e+06,6.0791e+06,6.0945e+06,6.1115e+06,6.0777e+06,6.0894e+06
1.4845e+08,1.4847e+08,1.4845e+08,1.4845e+08,1.4847e+08,1.4848e+08,1.4845e+08,1.4846e+08
93394,1.1048e+05,93392,95989,1.1179e+05,1.274e+05,96658,1.0573e+05
1.2547e+07,1.2564e+07,1.2547e+07,1.255e+07,1.2566e+07,1.2583e+07,1.2549e+07,1.2561e+07
1.6379e+05,1.8139e+05,1.6378e+05,1.6784e+05,1.8291e+05,2.0001e+05,1.6656e+05,1.7822e+05
42927,58990,42924,49113,61682,78841,44522,59340
3.5214e+07,3.5232e+07,3.5214e+07,3.5218e+07,3.5234e+07,3.525e+07,3.5217e+07,3.5228e+07
9.0386e+05,9.2137e+05,9.0386e+05,9.0754e+05,9.2321e+05,9.4006e+05,9.0651e+05,9.1781e+05
7.2058e+06,7.2231e+06,7.2058e+06,7.2091e+06,7.2252e+06,7.2417e+06,7.2083e+06,7.2193e+06
9.6724e+05,9.8474e+05,9.6724e+05,9.7091e+05,9.866e+05,1.0034e+06,9.6988e+05,9.8116e+05
5.4014e+05,5.577e+05,5.4014e+05,5.4375e+05,5.5943e+05,5.7626e+05,5.4285e+05,5.5402e+05
47741,62831,47738,53939,65636,82494,48955,62505
2.2618e+05,2.4366e+05,2.2618e+05,2.3063e+05,2.4544e+05,2.6269e+05,2.2879e+05,2.4105e+05
3.1858e+05,3.3611e+05,3.1858e+05,3.2197e+05,3.3786e+05,3.5448e+05,3.2135e+05,3.3219e+05
2.3682e+05,2.5437e+05,2.3682e+05,2.4021e+05,2.5601e+05,2.7269e+05,2.3961e+05,2.5046e+05
1.6614e+08,1.6616e+08,1.6614e+08,1.6615e+08,1.6616e+08,1.6618e+08,1.6615e+08,1.6616e+08
1.7682e+06,1.7855e+06,1.7681e+06,1.7716e+06,1.7876e+06,1.8042e+06,1.7707e+06,1.7817e+06
1.3535e+06,1.3709e+06,1.3535e+06,1.3568e+06,1.3728e+06,1.3894e+06,1.3561e+06,1.3669e+06
16359,24260,16358,20228,29210,43877,13512,25948
6.7436e+06,6.7609e+06,6.7436e+06,6.7469e+06,6.763e+06,6.7795e+06,6.7461e+06,6.757e+06
1.2752e+06,1.2927e+06,1.2752e+06,1.2787e+06,1.2946e+06,1.3113e+06,1.2779e+06,1.289e+06
1.0625e+07,1.0608e+07,1.0625e+07,1.0622e+07,1.0606e+07,1.0589e+07,1.0623e+07,1.0612e+07
4.5879e+05,4.7598e+05,4.5879e+05,4.6406e+05,4.7776e+05,4.9534e+05,4.6124e+05,4.7432e+05
4.2727e+05,4.4419e+05,4.2726e+05,4.3282e+05,4.4592e+05,4.6348e+05,4.2965e+05,4.4275e+05
2.1069e+06,2.1244e+06,2.1069e+06,2.1106e+06,2.1263e+06,2.1431e+06,2.1095e+06,2.1208e+06
3.656e+05,3.823e+05,3.6559e+05,3.7128e+05,3.8408e+05,4.0159e+05,3.6788e+05,3.8101e+05
4.2149e+05,4.39e+05,4.2149e+05,4.2492e+05,4.4082e+05,4.5746e+05,4.2421e+05,4.3513e+05
1.054e+07,1.0558e+07,1.054e+07,1.0544e+07,1.056e+07,1.0577e+07,1.0543e+07,1.0554e+07
2.0109e+05,2.1864e+05,2.0109e+05,2.0467e+05,2.2017e+05,2.3703e+05,2.0385e+05,2.1499e+05
4.7278e+06,4.745e+06,4.7278e+06,4.7311e+06,4.7472e+06,4.7637e+06,4.7303e+06,4.7412e+06
1.5145e+06,1.5319e+06,1.5145e+06,1.5179e+06,1.5339e+06,1.5505e+06,1.5171e+06,1.5281e+06
2.9032e+06,2.9206e+06,2.9032e+06,2.9076e+06,2.9224e+06,2.9397e+06,2.9057e+06,2.918e+06
8.4797e+05,8.6544e+05,8.4796e+05,8.5141e+05,8.6734e+05,8.8398e+05,8.5064e+05,8.6161e+05
1.427e+05,1.5999e+05,1.4269e+05,1.4766e+05,1.619e+05,1.7929e+05,1.4517e+05,1.5811e+05
9.3664e+06,9.3837e+06,9.3664e+06,9.3697e+06,9.3858e+06,9.4023e+06,9.3689e+06,9.3798e+06
2.1688e+06,2.1861e+06,2.1688e+06,2.1721e+06,2.1882e+06,2.2047e+06,2.1713e+06,2.1822e+06
6.4227e+06,6.44e+06,6.4227e+06,6.4261e+06,6.4422e+06,6.4587e+06,6.4253e+06,6.4362e+06
46457,62490,46455,52584,65230,82388,48010,62741
2.2555e+08,2.2556e+08,2.2555e+08,2.2555e+08,2.2557e+08,2.2558e+08,2.2555e+08,2.2556e+08
3.3446e+06,3.3619e+06,3.3446e+06,3.348e+06,3.364e+06,3.3806e+06,3.3471e+06,3.3581e+06
1.4152e+08,1.4154e+08,1.4152e+08,1.4153e+08,1.4154e+08,1.4156e+08,1.4153e+08,1.4154e+08
7.578e+05,7.7525e+05,7.578e+05,7.6241e+05,7.7705e+05,7.9443e+05,7.6037e+05,7.7279e+05
1.2973e+08,1.2975e+08,1.2973e+08,1.2973e+08,1.2975e+08,1.2977e+08,1.2973e+08,1.2975e+08
3.0458e+07,3.0475e+07,3.0458e+07,3.0461e+07,3.0477e+07,3.0494e+07,3.0461e+07,3.0472e+07
2.7693e+08,2.7695e+08,2.7693e+08,2.7693e+08,2.7695e+08,2.7697e+08,2.7693e+08,2.7694e+08
2.1491e+06,2.1665e+06,2.1491e+06,2.1537e+06,2.1683e+06,2.1857e+06,2.1516e+06,2.164e+06
2.7691e+05,2.9271e+05,2.7691e+05,2.8286e+05,2.9445e+05,3.1151e+05,2.7896e+05,2.9149e+05
4.0279e+06,4.0453e+06,4.0279e+06,4.0313e+06,4.0474e+06,4.0639e+06,4.0305e+06,4.0414e+06
1.0366e+06,1.0541e+06,1.0366e+06,1.0409e+06,1.0559e+06,1.0731e+06,1.0392e+06,1.0513e+06
2.4113e+05,2.5863e+05,2.4113e+05,2.4515e+05,2.6032e+05,2.7739e+05,2.4378e+05,2.5552e+05
5.9218e+06,5.9393e+06,5.9218e+06,5.9255e+06,5.9412e+06,5.9581e+06,5.9244e+06,5.9358e+06
9.6114e+05,9.7856e+05,9.6114e+05,9.6455e+05,9.8054e+05,9.9714e+05,9.6376e+05,9.7474e+05
2.645e+07,2.6467e+07,2.645e+07,2.6453e+07,2.6469e+07,2.6486e+07,2.6452e+07,2.6463e+07
1.0573e+05,1.226e+05,1.0573e+05,1.1145e+05,1.2476e+05,1.4226e+05,1.0791e+05,1.2178e+05
61877,78981,61875,66009,80720,97559,64454,76403
3.9412e+06,3.924e+06,3.9412e+06,3.938e+06,3.9217e+06,3.9054e+06,3.9387e+06,3.9279e+06
1.0216e+05,1.1901e+05,1.0216e+05,1.079e+05,1.2116e+05,1.3866e+05,1.0434e+05,1.1817e+05
1.5923e+06,1.6097e+06,1.5923e+06,1.5958e+06,1.6117e+06,1.6284e+06,1.5949e+06,1.606e+06
8.6082e+06,8.6255e+06,8.6082e+06,8.6116e+06,8.6276e+06,8.6442e+06,8.6107e+06,8.6217e+06
3.9012e+05,4.0759e+05,3.9012e+05,3.9491e+05,4.0919e+05,4.2666e+05,3.9276e+05,4.053e+05
5.4898e+06,5.5072e+06,5.4898e+06,5.4932e+06,5.5093e+06,5.5258e+06,5.4924e+06,5.5034e+06
1.2479e+07,1.2496e+07,1.2479e+07,1.2483e+07,1.2498e+07,1.2515e+07,1.2481e+07,1.2493e+07
3.3571e+07,3.3588e+07,3.3571e+07,3.3574e+07,3.359e+07,3.3607e+07,3.3573e+07,3.3584e+07
3.0594e+05,3.235e+05,3.0594e+05,3.1006e+05,3.2517e+05,3.4231e+05,3.0863e+05,3.2042e+05
1.6087e+08,1.6089e+08,1.6087e+08,1.6088e+08,1.6089e+08,1.6091e+08,1.6087e+08,1.6089e+08
6.5886e+06,6.6061e+06,6.5886e+06,6.5926e+06,6.6079e+06,6.625e+06,6.5912e+06,6.6029e+06
17325,25057,17324,21032,30106,44597,14473,26566
5.2798e+05,5.4484e+05,5.2798e+05,5.3354e+05,5.4657e+05,5.6412e+05,5.3034e+05,5.434e+05
1.1932e+05,1.3469e+05,1.1931e+05,1.2538e+05,1.3683e+05,1.5376e+05,1.2103e+05,1.338e+05
2.3672e+05,2.1941e+05,2.3672e+05,2.3353e+05,2.1736e+05,2.0091e+05,2.342e+05,2.235e+05
1.8634e+06,1.8809e+06,1.8634e+06,1.8679e+06,1.8827e+06,1.9e+06,1.866e+06,1.8782e+06
7.7652e+07,7.767e+07,7.7652e+07,7.7656e+07,7.7672e+07,7.7688e+07,7.7655e+07,7.7666e+07
1.321e+08,1.3212e+08,1.321e+08,1.3211e+08,1.3212e+08,1.3214e+08,1.3211e+08,1.3212e+08
1.5212e+06,1.5386e+06,1.5212e+06,1.5258e+06,1.5404e+06,1.5578e+06,1.5238e+06,1.5361e+06
2.5378e+07,2.5395e+07,2.5378e+07,2.5381e+07,2.5397e+07,2.5414e+07,2.538e+07,2.5391e+07
1.0004e+07,1.0021e+07,1.0004e+07,1.0008e+07,1.0023e+07,1.004e+07,1.0007e+07,1.0018e+07
2.229e+06,2.2465e+06,2.229e+06,2.2335e+06,2.2483e+06,2.2656e+06,2.2316e+06,2.2439e+06
2.2371e+07,2.2388e+07,2.2371e+07,2.2374e+07,2.239e+07,2.2407e+07,2.2373e+07,2.2384e+07
25237,39150,25235,31500,42752,59200,25391,40742
5.2652e+06,5.2826e+06,5.2652e+06,5.2687e+06,5.2846e+06,5.3013e+06,5.2678e+06,5.2789e+06
2.5588e+06,2.5761e+06,2.5588e+06,2.5621e+06,2.5783e+06,2.5947e+06,2.5614e+06,2.5722e+06
5.0392e+07,5.041e+07,5.0392e+07,5.0396e+07,5.0412e+07,5.0428e+07,5.0395e+07,5.0406e+07
1.5149e+06,1.5322e+06,1.5149e+06,1.52e+06,1.5339e+06,1.5515e+06,1.5174e+06,1.5303e+06
3.5321e+06,3.5496e+06,3.5321e+06,3.5358e+06,3.5515e+06,3.5683e+06,3.5347e+06,3.546e+06
3.4906e+06,3.5081e+06,3.4906e+06,3.495e+06,3.5099e+06,3.5272e+06,3.4932e+06,3.5054e+06
3.3752e+05,3.5495e+05,3.3752e+05,3.4215e+05,3.5678e+05,3.7413e+05,3.4008e+05,3.5256e+05
7.3388e+05,7.5118e+05,7.3388e+05,7.3891e+05,7.5295e+05,7.7049e+05,7.3639e+05,7.4922e+05
21057,34412,21056,27263,37907,54177,21130,36543
2.3062e+05,2.4626e+05,2.3061e+05,2.3659e+05,2.4807e+05,2.6506e+05,2.3258e+05,2.4511e+05
3.305e+07,3.3068e+07,3.305e+07,3.3054e+07,3.307e+07,3.3086e+07,3.3053e+07,3.3064e+07
1.1433e+07,1.1451e+07,1.1433e+07,1.1437e+07,1.1453e+07,1.1469e+07,1.1436e+07,1.1447e+07
32530,46428,32528,38639,49887,66300,32877,46707
4.297e+07,4.2988e+07,4.297e+07,4.2974e+07,4.299e+07,4.3006e+07,4.2973e+07,4.2984e+07
18195,26702,18194,22211,31614,46273,15693,27953
8.7718e+07,8.7735e+07,8.7718e+07,8.7721e+07,8.7738e+07,8.7754e+07,8.7721e+07,8.7731e+07
2.1192e+06,2.1366e+06,2.1192e+06,2.1227e+06,2.1386e+06,2.1553e+06,2.1218e+06,2.1329e+06
7.6042e+05,7.7727e+05,7.6042e+05,7.6598e+05,7.7896e+05,7.965e+05,7.6279e+05,7.7578e+05
1.3723e+05,1.5304e+05,1.3723e+05,1.4326e+05,1.5501e+05,1.7214e+05,1.3916e+05,1.52e+05
18126,26972,18125,22348,31779,46578,15772,28326
1.2011e+06,1.2184e+06,1.2011e+06,1.2043e+06,1.2205e+06,1.2369e+06,1.2037e+06,1.2144e+06
3.9366e+06,3.9194e+06,3.9366e+06,3.9334e+06,3.9171e+06,3.9008e+06,3.9341e+06,3.9233e+06
1.5613e+08,1.5614e+08,1.5613e+08,1.5613e+08,1.5615e+08,1.5616e+08,1.5613e+08,1.5614e+08
3.9285e+07,3.9302e+07,3.9285e+07,3.9288e+07,3.9304e+07,3.932e+07,3.9287e+07,3.9298e+07
1.104e+05,1.2611e+05,1.104e+05,1.1647e+05,1.2826e+05,1.4537e+05,1.1221e+05,1.2523e+05
1.3965e+08,1.3967e+08,1.3965e+08,1.3965e+08,1.3967e+08,1.3969e+08,1.3965e+08,1.3966e+08
57263,73568,57261,63378,76080,93380,59055,73565
39877,56443,39875,45300,58647,75734,41942,55576
1.749e+06,1.7664e+06,1.749e+06,1.7524e+06,1.7684e+06,1.785e+06,1.7516e+06,1.7626e+06
17853,28478,17852,23213,32873,48367,16221,31224
1.0113e+06,9.9407e+05,1.0113e+06,1.0081e+06,9.9188e+05,9.7544e+05,1.0088e+06,9.9796e+05
5.4203e+06,5.4377e+06,5.4203e+06,5.4239e+06,5.4396e+06,5.4565e+06,5.4229e+06,5.4342e+06
5.5435e+05,5.7171e+05,5.5434e+05,5.575e+05,5.7363e+05,5.8986e+05,5.5711e+05,5.6754e+05
5.2118e+06,5.2293e+06,5.2118e+06,5.2157e+06,5.2312e+06,5.2482e+06,5.2144e+06,5.226e+06
3.1033e+06,3.1208e+06,3.1033e+06,3.1073e+06,3.1226e+06,3.1397e+06,3.1059e+06,3.1176e+06
3.8706e+05,4.0389e+05,3.8706e+05,3.9268e+05,4.0565e+05,4.2319e+05,3.894e+05,4.0253e+05
7.1658e+05,7.3358e+05,7.1658e+05,7.2203e+05,7.3527e+05,7.5284e+05,7.1901e+05,7.3201e+05
2.2222e+05,2.3894e+05,2.2222e+05,2.2794e+05,2.4085e+05,2.5838e+05,2.2445e+05,2.3783e+05
88892,1.06e+05,88890,94265,1.0801e+05,1.2545e+05,91219,1.0465e+05
27631,41351,27629,33733,44943,61302,27771,41963
2.763e+06,2.7804e+06,2.763e+06,2.7664e+06,2.7824e+06,2.799e+06,2.7656e+06,2.7765e+06
1.4483e+07,1.45e+07,1.4483e+07,1.4486e+07,1.4502e+07,1.4519e+07,1.4485e+07,1.4496e+07
1.7914e+07,1.7931e+07,1.7914e+07,1.7917e+07,1.7933e+07,1.795e+07,1.7916e+07,1.7927e+07
2.9904e+05,3.1643e+05,2.9903e+05,3.0379e+05,3.1828e+05,3.3568e+05,3.0157e+05,3.1421e+05
15885,25662,15884,20958,30005,45375,13974,29010
2.6238e+06,2.6412e+06,2.6238e+06,2.6272e+06,2.6432e+06,2.6598e+06,2.6264e+06,2.6374e+06
2.2762e+06,2.2937e+06,2.2762e+06,2.2803e+06,2.2956e+06,2.3127e+06,2.2788e+06,2.2906e+06
5.6374e+05,5.811e+05,5.6374e+05,5.6697e+05,5.8313e+05,5.995e+05,5.664e+05,5.7709e+05
5.3579e+05,5.5334e+05,5.3579e+05,5.3969e+05,5.5507e+05,5.721e+05,5.3846e+05,5.5001e+05
2.6688e+07,2.6705e+07,2.6688e+07,2.6691e+07,2.6707e+07,2.6724e+07,2.669e+07,2.6701e+07
3.2989e+05,3.474e+05,3.2989e+05,3.3424e+05,3.4917e+05,3.664e+05,3.3252e+05,3.4464e+05
1.1525e+07,1.1542e+07,1.1525e+07,1.1528e+07,1.1544e+07,1.1561e+07,1.1528e+07,1.1539e+07
1.0076e+06,1.0251e+06,1.0076e+06,1.0112e+06,1.027e+06,1.0437e+06,1.0102e+06,1.0214e+06
60031,76395,60029,66101,78863,96181,61868,76327
1.6738e+06,1.6912e+06,1.6738e+06,1.6772e+06,1.6932e+06,1.7098e+06,1.6764e+06,1.6874e+06
1.5075e+08,1.5077e+08,1.5075e+08,1.5076e+08,1.5077e+08,1.5079e+08,1.5076e+08,1.5077e+08
2.8625e+06,2.88e+06,2.8625e+06,2.8661e+06,2.8819e+06,2.8987e+06,2.8651e+06,2.8763e+06
35936,51115,35934,42497,54186,71175,36927,52020
5.1886e+06,5.206e+06,5.1886e+06,5.1921e+06,5.208e+06,5.2247e+06,5.1912e+06,5.2023e+06
2.1496e+05,2.3216e+05,2.1496e+05,2.2023e+05,2.3406e+05,2.5159e+05,2.1739e+05,2.3061e+05
2.1353e+05,2.3092e+05,2.1353e+05,2.1827e+05,2.3277e+05,2.5013e+05,2.1607e+05,2.287e+05
2.7389e+06,2.7563e+06,2.7389e+06,2.7425e+06,2.7582e+06,2.775e+06,2.7415e+06,2.7527e+06
1.3866e+08,1.3868e+08,1.3866e+08,1.3866e+08,1.3868e+08,1.3869e+08,1.3866e+08,1.3867e+08
3.4124e+05,3.5873e+05,3.4124e+05,3.4536e+05,3.6049e+05,3.7762e+05,3.4386e+05,3.5573e+05
64777,80384,64774,70952,82848,99927,66369,79804
2.1162e+05,2.2892e+05,2.1162e+05,2.1677e+05,2.3078e+05,2.4829e+05,2.141e+05,2.2717e+05
26959,41623,26958,33277,44941,61618,27588,43002
26793,41448,26791,32978,44759,61362,27471,42951
9.6256e+06,9.6428e+06,9.6256e+06,9.6288e+06,9.645e+06,9.6614e+06,9.6281e+06,9.6389e+06
8.8698e+07,8.8715e+07,8.8698e+07,8.8701e+07,8.8717e+07,8.8734e+07,8.87e+07,8.8711e+07
57029,73603,57026,62985,76046,93384,58954,73304
7.1873e+06,7.2048e+06,7.1873e+06,7.191e+06,7.2067e+06,7.2235e+06,7.1899e+06,7.2012e+06
1.7372e+06,1.7546e+06,1.7372e+06,1.7406e+06,1.7566e+06,1.7732e+06,1.7398e+06,1.7507e+06
1.6982e+06,1.7155e+06,1.6982e+06,1.7014e+06,1.7176e+06,1.734e+06,1.7007e+06,1.7116e+06
1.5708e+07,1.5725e+07,1.5708e+07,1.5711e+07,1.5728e+07,1.5744e+07,1.5711e+07,1.5721e+07
9.5209e+05,9.696e+05,9.5208e+05,9.5576e+05,9.7141e+05,9.8827e+05,9.5474e+05,9.6603e+05
1.9968e+06,2.0143e+06,1.9968e+06,2.0013e+06,2.0161e+06,2.0334e+06,1.9994e+06,2.0116e+06
4.5757e+07,4.5774e+07,4.5757e+07,4.576e+07,4.5777e+07,4.5793e+07,4.576e+07,4.5771e+07
2.1311e+07,2.1328e+07,2.1311e+07,2.1315e+07,2.1331e+07,2.1347e+07,2.1314e+07,2.1325e+07
2.964e+05,3.1219e+05,2.9639e+05,3.0234e+05,3.1391e+05,3.3097e+05,2.9845e+05,3.1096e+05
2.5923e+07,2.594e+07,2.5923e+07,2.5926e+07,2.5942e+07,2.5959e+07,2.5925e+07,2.5936e+07
5.3063e+06,5.3237e+06,5.3063e+06,5.3097e+06,5.3257e+06,5.3423e+06,5.3089e+06,5.3198e+06
1.4452e+05,1.2728e+05,1.4453e+05,1.4206e+05,1.2533e+05,1.097e+05,1.4188e+05,1.3239e+05
6.3039e+05,6.479e+05,6.3038e+05,6.3457e+05,6.4966e+05,6.6684e+05,6.3301e+05,6.4492e+05
1.4216e+05,1.5918e+05,1.4215e+05,1.4812e+05,1.6019e+05,1.7789e+05,1.4488e+05,1.5827e+05
1.7487e+08,1.7489e+08,1.7487e+08,1.7488e+08,1.7489e+08,1.7491e+08,1.7487e+08,1.7489e+08
8.2951e+07,8.2969e+07,8.2951e+07,8.2955e+07,8.2971e+07,8.2987e+07,8.2954e+07,8.2965e+07
4.4013e+07,4.403e+07,4.4013e+07,4.4016e+07,4.4032e+07,4.4049e+07,4.4015e+07,4.4026e+07
5.2052e+06,5.2225e+06,5.2052e+06,5.2085e+06,5.2246e+06,5.2411e+06,5.2077e+06,5.2186e+06
1.3751e+06,1.3925e+06,1.3751e+06,1.3797e+06,1.3943e+06,1.4117e+06,1.3776e+06,1.39e+06
1.924e+07,1.9258e+07,1.924e+07,1.9244e+07,1.926e+07,1.9276e+07,1.9243e+07,1.9254e+07
8.6969e+07,8.6986e+07,8.6969e+07,8.6972e+07,8.6988e+07,8.7005e+07,8.6971e+07,8.6982e+07
4.3776e+05,4.553e+05,4.3776e+05,4.4128e+05,4.5702e+05,4.7376e+05,4.4049e+05,4.5152e+05
1.6511e+08,1.6513e+08,1.6511e+08,1.6511e+08,1.6513e+08,1.6515e+08,1.6511e+08,1.6512e+08
1.814e+05,1.9887e+05,1.814e+05,1.8452e+05,2.0052e+05,2.1679e+05,1.8434e+05,1.9462e+05
3.9647e+05,4.1397e+05,3.9647e+05,4.0096e+05,4.1575e+05,4.3305e+05,3.9909e+05,4.1136e+05
1.3621e+06,1.3795e+06,1.3621e+06,1.3655e+06,1.3816e+06,1.3981e+06,1.3647e+06,1.3756e+06
3.0297e+06,3.0126e+06,3.0297e+06,3.0265e+06,3.0102e+06,2.9939e+06,3.0273e+06,3.0165e+06
2.5532e+05,2.7111e+05,2.5531e+05,2.6127e+05,2.7288e+05,2.8995e+05,2.5734e+05,2.6991e+05
5.2533e+06,5.2708e+06,5.2533e+06,5.257e+06,5.2727e+06,5.2896e+06,5.2559e+06,5.2673e+06
19395,29926,19394,24397,34456,49778,17704,31013
6.2005e+05,6.3688e+05,6.2004e+05,6.2562e+05,6.3858e+05,6.5612e+05,6.224e+05,6.3542e+05
28865,44081,28863,31378,45518,61448,31034,41134
3.2505e+05,3.4111e+05,3.2504e+05,3.3095e+05,3.428e+05,3.6e+05,3.2719e+05,3.3981e+05
25306,40493,25304,31674,43601,60415,26261,41510
2.6231e+05,2.7984e+05,2.6231e+05,2.6637e+05,2.815e+05,2.9861e+05,2.6498e+05,2.7674e+05
2.0581e+05,2.2175e+05,2.058e+05,2.1177e+05,2.2361e+05,2.408e+05,2.0783e+05,2.2062e+05
1.6912e+06,1.7087e+06,1.6912e+06,1.6947e+06,1.7107e+06,1.7273e+06,1.6939e+06,1.7049e+06
7.6577e+05,7.8262e+05,7.6577e+05,7.7132e+05,7.843e+05,8.0184e+05,7.6814e+05,7.8112e+05
1.3356e+05,1.5094e+05,1.3356e+05,1.3826e+05,1.5261e+05,1.6998e+05,1.3612e+05,1.4864e+05
1.7585e+07,1.7602e+07,1.7585e+07,1.7588e+07,1.7604e+07,1.7621e+07,1.7587e+07,1.7598e+07
39052,54350,39050,45292,57222,74137,40266,54182
1.4086e+07,1.4103e+07,1.4086e+07,1.4089e+07,1.4105e+07,1.4122e+07,1.4088e+07,1.41e+07
3.3797e+06,3.397e+06,3.3797e+06,3.3831e+06,3.3991e+06,3.4157e+06,3.3822e+06,3.3933e+06
84419,1.0125e+05,84417,90076,1.035e+05,1.2091e+05,86553,1.0048e+05
6.1685e+05,6.3432e+05,6.1684e+05,6.2129e+05,6.3613e+05,6.5342e+05,6.1943e+05,6.3166e+05
1.5987e+07,1.6005e+07,1.5987e+07,1.5991e+07,1.6007e+07,1.6023e+07,1.599e+07,1.6001e+07
3.6813e+06,3.6985e+06,3.6813e+06,3.6845e+06,3.7007e+06,3.7171e+06,3.6838e+06,3.6946e+06
4.9403e+05,5.1147e+05,4.9403e+05,4.9865e+05,5.1329e+05,5.3065e+05,4.9659e+05,5.0904e+05
3.2605e+07,3.2622e+07,3.2605e+07,3.2608e+07,3.2625e+07,3.2641e+07,3.2608e+07,3.2618e+07
2.1165e+07,2.1182e+07,2.1165e+07,2.1168e+07,2.1184e+07,2.1201e+07,2.1167e+07,2.1178e+07
6.1621e+06,6.1794e+06,6.1621e+06,6.1654e+06,6.1815e+06,6.198e+06,6.1646e+06,6.1755e+06
2.008e+07,2.0098e+07,2.008e+07,2.0084e+07,2.01e+07,2.0116e+07,2.0083e+07,2.0094e+07
2.0524e+08,2.0525e+08,2.0524e+08,2.0524e+08,2.0526e+08,2.0527e+08,2.0524e+08,2.0525e+08
8.6307e+07,8.6325e+07,8.6307e+07,8.6311e+07,8.6327e+07,8.6343e+07,8.631e+07,8.6321e+07
2.7767e+07,2.7785e+07,2.7767e+07,2.7771e+07,2.7787e+07,2.7803e+07,2.777e+07,2.7781e+07
3.6911e+06,3.7086e+06,3.6911e+06,3.6956e+06,3.7104e+06,3.7277e+06,3.6937e+06,3.7059e+06
8.0578e+05,8.2325e+05,8.0578e+05,8.0923e+05,8.2517e+05,8.418e+05,8.0844e+05,8.1943e+05
2.6868e+07,2.6886e+07,2.6868e+07,2.6872e+07,2.6888e+07,2.6904e+07,2.6871e+07,2.6882e+07
2.019e+06,2.0364e+06,2.019e+06,2.0224e+06,2.0384e+06,2.055e+06,2.0216e+06,2.0326e+06
2.6951e+06,2.7125e+06,2.6951e+06,2.6996e+06,2.7143e+06,2.7317e+06,2.6977e+06,2.7099e+06
4.9221e+05,5.0972e+05,4.922e+05,4.9558e+05,5.1152e+05,5.281e+05,4.9496e+05,5.0577e+05
41140,57451,41138,46650,59826,76810,43064,56905
5.8303e+06,5.8478e+06,5.8303e+06,5.8343e+06,5.8496e+06,5.8667e+06,5.8329e+06,5.8446e+06
63886,80570,63884,69608,82906,1.002e+05,65940,80051
78375,95141,78373,84182,97417,1.1486e+05,80456,94503
1.4453e+06,1.4626e+06,1.4453e+06,1.4486e+06,1.4647e+06,1.4812e+06,1.4479e+06,1.4587e+06
1.3146e+05,1.4836e+05,1.3146e+05,1.3759e+05,1.4992e+05,1.6765e+05,1.339e+05,1.4778e+05
9.168e+06,9.1854e+06,9.168e+06,9.1716e+06,9.1874e+06,9.2042e+06,9.1706e+06,9.1818e+06
7.1923e+07,7.194e+07,7.1923e+07,7.1926e+07,7.1942e+07,7.1958e+07,7.1925e+07,7.1936e+07
1.0544e+07,1.0526e+07,1.0544e+07,1.054e+07,1.0524e+07,1.0508e+07,1.0541e+07,1.053e+07
1.5785e+05,1.7466e+05,1.5784e+05,1.6357e+05,1.7664e+05,1.9417e+05,1.6009e+05,1.7366e+05
1.8226e+06,1.8054e+06,1.8226e+06,1.8194e+06,1.8032e+06,1.7868e+06,1.8202e+06,1.8093e+06
1.6482e+06,1.6657e+06,1.6482e+06,1.6518e+06,1.6676e+06,1.6844e+06,1.6508e+06,1.6621e+06
1.9949e+07,1.9966e+07,1.9949e+07,1.9952e+07,1.9968e+07,1.9985e+07,1.9951e+07,1.9962e+07
1.3694e+08,1.3696e+08,1.3694e+08,1.3694e+08,1.3696e+08,1.3697e+08,1.3694e+08,1.3695e+08
1.4205e+05,1.5934e+05,1.4205e+05,1.4697e+05,1.613e+05,1.7866e+05,1.445e+05,1.5742e+05
9.5063e+06,9.5235e+06,9.5063e+06,9.5096e+06,9.5257e+06,9.5422e+06,9.5088e+06,9.5197e+06
1.9289e+06,1.9464e+06,1.9289e+06,1.9326e+06,1.9482e+06,1.9651e+06,1.9315e+06,1.9428e+06
4.5455e+06,4.5284e+06,4.5455e+06,4.5424e+06,4.526e+06,4.5098e+06,4.5431e+06,4.5323e+06
1.5594e+05,1.7259e+05,1.5593e+05,1.6175e+05,1.7458e+05,1.9208e+05,1.5811e+05,1.7167e+05
5.4718e+06,5.4893e+06,5.4718e+06,5.4755e+06,5.4912e+06,5.5081e+06,5.4744e+06,5.4858e+06
9.501e+05,9.6761e+05,9.501e+05,9.5397e+05,9.6942e+05,9.8641e+05,9.5273e+05,9.6427e+05
4.4034e+06,4.4209e+06,4.4034e+06,4.4071e+06,4.4228e+06,4.4397e+06,4.406e+06,4.4174e+06
85774,1.0297e+05,85772,90648,1.0493e+05,1.2215e+05,88216,1.0112e+05
1.3827e+07,1.3845e+07,1.3827e+07,1.3831e+07,1.3847e+07,1.3863e+07,1.383e+07,1.3841e+07
3.7368e+06,3.7542e+06,3.7368e+06,3.7402e+06,3.7562e+06,3.7728e+06,3.7394e+06,3.7504e+06
1.3028e+06,1.3202e+06,1.3028e+06,1.3061e+06,1.3222e+06,1.3386e+06,1.3054e+06,1.3162e+06
24335,11543,24336,22607,18045,24715,19754,17503
3.3554e+07,3.3571e+07,3.3554e+07,3.3557e+07,3.3574e+07,3.359e+07,3.3557e+07,3.3567e+07
1.9244e+05,2.0999e+05,1.9244e+05,1.9614e+05,2.1158e+05,2.285e+05,1.9518e+05,2.0649e+05
1.5425e+05,1.7178e+05,1.5425e+05,1.5773e+05,1.7326e+05,1.9004e+05,1.5705e+05,1.6803e+05
2.4296e+07,2.4313e+07,2.4296e+07,2.4299e+07,2.4315e+07,2.4332e+07,2.4298e+07,2.4309e+07
1.0902e+06,1.1076e+06,1.0902e+06,1.0936e+06,1.1096e+06,1.1262e+06,1.0928e+06,1.1038e+06
2.525e+07,2.5268e+07,2.525e+07,2.5254e+07,2.527e+07,2.5286e+07,2.5253e+07,2.5264e+07
1.4043e+07,1.4061e+07,1.4043e+07,1.4047e+07,1.4063e+07,1.408e+07,1.4046e+07,1.4057e+07
5.0644e+06,5.0817e+06,5.0644e+06,5.0677e+06,5.0838e+06,5.1003e+06,5.0669e+06,5.0778e+06
37915,20749,37917,34111,23366,15384,34284,25429
2.1654e+05,2.3245e+05,2.1654e+05,2.225e+05,2.3423e+05,2.5136e+05,2.186e+05,2.3123e+05
4.1589e+05,4.3316e+05,4.1589e+05,4.189e+05,4.3482e+05,4.5072e+05,4.1885e+05,4.2875e+05
3.5612e+06,3.5786e+06,3.5612e+06,3.5657e+06,3.5804e+06,3.5978e+06,3.5637e+06,3.576e+06
86030,1.0354e+05,86028,89702,1.0499e+05,1.2187e+05,88835,1.0012e+05
1.3787e+06,1.3961e+06,1.3787e+06,1.3821e+06,1.3981e+06,1.4147e+06,1.3813e+06,1.3923e+06
9.3405e+06,9.3579e+06,9.3405e+06,9.344e+06,9.36e+06,9.3766e+06,9.3431e+06,9.3541e+06
4.7409e+07,4.7426e+07,4.7409e+07,4.7412e+07,4.7428e+07,4.7445e+07,4.7412e+07,4.7423e+07
39270,53676,39268,45472,56858,73473,39999,53747
4.9685e+06,4.9858e+06,4.9685e+06,4.9718e+06,4.9879e+06,5.0044e+06,4.971e+06,4.982e+06
2.5668e+05,2.7355e+05,2.5668e+05,2.6232e+05,2.7537e+05,2.9292e+05,2.5902e+05,2.7228e+05
6.7926e+06,6.8099e+06,6.7926e+06,6.7959e+06,6.8121e+06,6.8286e+06,6.7952e+06,6.8061e+06
1.1821e+05,1.3531e+05,1.1821e+05,1.2357e+05,1.3738e+05,1.5483e+05,1.2053e+05,1.3401e+05
3.7054e+06,3.7227e+06,3.7054e+06,3.7087e+06,3.7248e+06,3.7413e+06,3.7079e+06,3.7189e+06
1.0854e+06,1.1028e+06,1.0854e+06,1.0887e+06,1.1047e+06,1.1212e+06,1.088e+06,1.0988e+06
7.7442e+07,7.7459e+07,7.7442e+07,7.7445e+07,7.7461e+07,7.7478e+07,7.7444e+07,7.7455e+07
7.6989e+05,7.8684e+05,7.6989e+05,7.7538e+05,7.8852e+05,8.0608e+05,7.723e+05,7.8529e+05
75495,90680,75492,81632,93179,1.1008e+05,76946,90080
4.7439e+06,4.7614e+06,4.7439e+06,4.7475e+06,4.7633e+06,4.7801e+06,4.7465e+06,4.7577e+06
3.5851e+05,3.7585e+05,3.5851e+05,3.6354e+05,3.7765e+05,3.9516e+05,3.6103e+05,3.7391e+05
17976,29880,17975,23703,34012,49859,16928,32490
58467,75550,58465,62663,77230,94102,61053,73058
4.4033e+06,4.4207e+06,4.4033e+06,4.4067e+06,4.4228e+06,4.4393e+06,4.4059e+06,4.4168e+06
3.4381e+05,3.6135e+05,3.4381e+05,3.4774e+05,3.6305e+05,3.8009e+05,3.4648e+05,3.5808e+05
1.7547e+08,1.7549e+08,1.7547e+08,1.7547e+08,1.7549e+08,1.7551e+08,1.7547e+08,1.7548e+08
5.1116e+05,5.2866e+05,5.1115e+05,5.1465e+05,5.305e+05,5.472e+05,5.1384e+05,5.2488e+05
49302,65263,49299,55475,68012,85178,50828,65640
6.9865e+05,7.1558e+05,6.9865e+05,7.0415e+05,7.1727e+05,7.3483e+05,7.0105e+05,7.1405e+05
1.8521e+07,1.8539e+07,1.8521e+07,1.8525e+07,1.8541e+07,1.8557e+07,1.8524e+07,1.8535e+07
51519,68151,51517,57057,70542,87673,53555,67516
2.999e+05,3.1573e+05,2.9989e+05,3.0584e+05,3.1744e+05,3.3452e+05,3.0196e+05,3.1449e+05
8.6264e+05,8.7995e+05,8.6264e+05,8.6767e+05,8.8171e+05,8.9924e+05,8.6516e+05,8.7797e+05
1.2149e+05,1.3868e+05,1.2148e+05,1.2682e+05,1.4067e+05,1.5814e+05,1.2389e+05,1.3726e+05
7.6935e+05,7.8621e+05,7.6935e+05,7.7489e+05,7.879e+05,8.0544e+05,7.7172e+05,7.8471e+05
88963,1.061e+05,88961,94078,1.081e+05,1.2541e+05,91347,1.0454e+05
1.6848e+05,1.8606e+05,1.6848e+05,1.7175e+05,1.8757e+05,2.0414e+05,1.7139e+05,1.8198e+05
1.8036e+06,1.8211e+06,1.8036e+06,1.8071e+06,1.823e+06,1.8397e+06,1.8062e+06,1.8173e+06
1.4126e+07,1.4144e+07,1.4126e+07,1.413e+07,1.4146e+07,1.4163e+07,1.4129e+07,1.414e+07
2.0566e+05,2.232e+05,2.0566e+05,2.0891e+05,2.2483e+05,2.4133e+05,2.0853e+05,2.1911e+05
8.6993e+05,8.873e+05,8.6993e+05,8.7322e+05,8.8934e+05,9.0579e+05,8.7256e+05,8.8335e+05
1.7431e+05,1.916e+05,1.7431e+05,1.7948e+05,1.9348e+05,2.1097e+05,1.7678e+05,1.899e+05
1.058e+06,1.0755e+06,1.058e+06,1.0615e+06,1.0774e+06,1.0941e+06,1.0606e+06,1.0718e+06
2.6502e+05,2.8249e+05,2.6501e+05,2.6954e+05,2.8428e+05,3.0158e+05,2.6762e+05,2.7995e+05
17153,24872,17153,20867,29929,44434,14270,26430
3.5079e+06,3.5253e+06,3.5079e+06,3.5114e+06,3.5273e+06,3.544e+06,3.5105e+06,3.5215e+06
1.9794e+06,1.9967e+06,1.9794e+06,1.9826e+06,1.9988e+06,2.0152e+06,1.982e+06,1.9927e+06
4.1534e+05,4.3289e+05,4.1534e+05,4.1887e+05,4.3461e+05,4.5139e+05,4.1806e+05,4.2914e+05
2.057e+07,2.0588e+07,2.057e+07,2.0574e+07,2.059e+07,2.0606e+07,2.0573e+07,2.0584e+07
3.6722e+06,3.6897e+06,3.6722e+06,3.6766e+06,3.6915e+06,3.7088e+06,3.6748e+06,3.6869e+06
2.53e+07,2.5317e+07,2.53e+07,2.5303e+07,2.5319e+07,2.5336e+07,2.5302e+07,2.5313e+07
17228,24837,17227,20921,29893,44370,14332,26410
1.0486e+06,1.066e+06,1.0486e+06,1.052e+06,1.068e+06,1.0846e+06,1.0512e+06,1.0622e+06
1.0413e+05,1.2132e+05,1.0413e+05,1.0917e+05,1.2334e+05,1.4066e+05,1.0653e+05,1.1963e+05
4.3314e+06,4.3487e+06,4.3314e+06,4.3348e+06,4.3508e+06,4.3674e+06,4.3339e+06,4.3449e+06
73037,89852,73035,78766,92132,1.0953e+05,75144,89173
4.2931e+06,4.3106e+06,4.2931e+06,4.2972e+06,4.3125e+06,4.3296e+06,4.2957e+06,4.3075e+06
2.2603e+07,2.262e+07,2.2603e+07,2.2606e+07,2.2622e+07,2.2639e+07,2.2605e+07,2.2616e+07
1.499e+05,1.6741e+05,1.4989e+05,1.5329e+05,1.689e+05,1.8566e+05,1.5268e+05,1.6361e+05
3.3912e+06,3.4087e+06,3.3912e+06,3.3956e+06,3.4105e+06,3.4278e+06,3.3938e+06,3.406e+06
6.0953e+06,6.1127e+06,6.0953e+06,6.0988e+06,6.1147e+06,6.1314e+06,6.0979e+06,6.109e+06
16167,26405,16166,21385,31110,46544,13965,28977
2.2382e+07,2.2399e+07,2.2382e+07,2.2385e+07,2.2401e+07,2.2418e+07,2.2385e+07,2.2396e+07
2.9168e+05,3.085e+05,2.9168e+05,2.9732e+05,3.1033e+05,3.2788e+05,2.9398e+05,3.0724e+05
8.7592e+06,8.7765e+06,8.7592e+06,8.7626e+06,8.7787e+06,8.7952e+06,8.7618e+06,8.7727e+06
8.5733e+07,8.5751e+07,8.5733e+07,8.5737e+07,8.5753e+07,8.5769e+07,8.5736e+07,8.5747e+07
2.825e+05,2.9848e+05,2.825e+05,2.8843e+05,3.0018e+05,3.1733e+05,2.8462e+05,2.9719e+05
19069,31344,19067,24583,35393,51261,18236,32125
5.4057e+06,5.4229e+06,5.4057e+06,5.4089e+06,5.4251e+06,5.4415e+06,5.4082e+06,5.419e+06
9.4246e+06,9.4419e+06,9.4246e+06,9.4279e+06,9.4441e+06,9.4605e+06,9.4271e+06,9.438e+06
8.919e+07,8.9207e+07,8.919e+07,8.9193e+07,8.9209e+07,8.9226e+07,8.9192e+07,8.9203e+07
2.7775e+05,2.9365e+05,2.7775e+05,2.8369e+05,2.954e+05,3.1253e+05,2.7981e+05,2.9243e+05
1.5837e+05,1.4068e+05,1.5837e+05,1.5466e+05,1.3919e+05,1.2224e+05,1.5556e+05,1.4454e+05
9.3848e+06,9.4021e+06,9.3848e+06,9.3881e+06,9.4043e+06,9.4207e+06,9.3873e+06,9.3982e+06
4.2035e+05,4.3788e+05,4.2035e+05,4.2432e+05,4.3962e+05,4.5668e+05,4.23e+05,4.3465e+05
51778,68019,51776,57798,70645,87839,53504,68128
87054,1.0389e+05,87052,92803,1.0612e+05,1.2358e+05,89188,1.0314e+05
4.554e+07,4.5558e+07,4.554e+07,4.5544e+07,4.556e+07,4.5576e+07,4.5543e+07,4.5554e+07
1.3697e+07,1.3714e+07,1.3697e+07,1.3701e+07,1.3716e+07,1.3733e+07,1.3699e+07,1.3711e+07
2.708e+05,2.881e+05,2.708e+05,2.7593e+05,2.8994e+05,3.0746e+05,2.733e+05,2.8629e+05
63270,80478,63268,67334,82108,98939,65962,77738
2.865e+05,3.0363e+05,2.865e+05,2.9184e+05,3.055e+05,3.2307e+05,2.8889e+05,3.0212e+05
20109,30361,20108,24887,34908,50067,18411,31297
25168,39855,25166,31413,42979,59597,26006,41269
36680,51245,36678,42850,54343,70992,37507,51189
2.1805e+07,2.1823e+07,2.1805e+07,2.1809e+07,2.1825e+07,2.1841e+07,2.1808e+07,2.1819e+07
33710,16933,33712,30339,20823,17402,29745,22325
3.88e+06,3.8973e+06,3.88e+06,3.8833e+06,3.8995e+06,3.916e+06,3.8826e+06,3.8935e+06
4.7554e+05,4.9303e+05,4.7554e+05,4.7882e+05,4.9484e+05,5.1128e+05,4.7834e+05,4.8895e+05
4.6112e+06,4.6285e+06,4.6112e+06,4.6146e+06,4.6306e+06,4.6472e+06,4.6137e+06,4.6247e+06
2.1063e+06,2.1237e+06,2.1063e+06,2.1097e+06,2.1257e+06,2.1423e+06,2.1089e+06,2.1199e+06
1.3965e+08,1.3967e+08,1.3965e+08,1.3965e+08,1.3967e+08,1.3969e+08,1.3965e+08,1.3966e+08
4.536e+07,4.5377e+07,4.536e+07,4.5363e+07,4.5379e+07,4.5396e+07,4.5363e+07,4.5374e+07
1.792e+07,1.7938e+07,1.792e+07,1.7924e+07,1.794e+07,1.7957e+07,1.7923e+07,1.7934e+07
2.1515e+05,2.3265e+05,2.1515e+05,2.1933e+05,2.343e+05,2.5146e+05,2.178e+05,2.2972e+05
1.4804e+08,1.4805e+08,1.4804e+08,1.4804e+08,1.4806e+08,1.4807e+08,1.4804e+08,1.4805e+08
1.0695e+07,1.0713e+07,1.0695e+07,1.0699e+07,1.0715e+07,1.0731e+07,1.0698e+07,1.0709e+07
9.4533e+05,9.6268e+05,9.4533e+05,9.4862e+05,9.6475e+05,9.8119e+05,9.4793e+05,9.5874e+05
5.2468e+05,5.414e+05,5.2468e+05,5.3032e+05,5.4312e+05,5.6063e+05,5.2699e+05,5.4e+05
8.7823e+07,8.784e+07,8.7823e+07,8.7826e+07,8.7842e+07,8.7859e+07,8.7826e+07,8.7836e+07
1.4035e+05,1.5752e+05,1.4035e+05,1.4567e+05,1.5949e+05,1.7698e+05,1.4273e+05,1.561e+05
57600,73537,57598,59137,74191,88938,61061,68196
1.7776e+05,1.9331e+05,1.7776e+05,1.8378e+05,1.9522e+05,2.1219e+05,1.7965e+05,1.9225e+05
3.122e+06,3.1395e+06,3.122e+06,3.1261e+06,3.1413e+06,3.1585e+06,3.1246e+06,3.1364e+06
2.3018e+05,2.4592e+05,2.3017e+05,2.3614e+05,2.4774e+05,2.6479e+05,2.3217e+05,2.4476e+05
2.9721e+05,3.1419e+05,2.9721e+05,3.0274e+05,3.1605e+05,3.3363e+05,2.9955e+05,3.1289e+05
1.6409e+05,1.8157e+05,1.6409e+05,1.6842e+05,1.8321e+05,2.0044e+05,1.6673e+05,1.7883e+05
4.9695e+05,5.145e+05,4.9694e+05,5.005e+05,5.1628e+05,5.3302e+05,4.9968e+05,5.1074e+05
6.4166e+06,6.4339e+06,6.4166e+06,6.42e+06,6.436e+06,6.4526e+06,6.4191e+06,6.4302e+06
6.1827e+06,6.2001e+06,6.1827e+06,6.1861e+06,6.2022e+06,6.2187e+06,6.1853e+06,6.1962e+06
1.8348e+05,2.0105e+05,1.8348e+05,1.8678e+05,2.0261e+05,2.1916e+05,1.8638e+05,1.9699e+05
1.4089e+06,1.4263e+06,1.4089e+06,1.4123e+06,1.4283e+06,1.4449e+06,1.4115e+06,1.4224e+06
8.4729e+07,8.4746e+07,8.4729e+07,8.4732e+07,8.4748e+07,8.4765e+07,8.4731e+07,8.4742e+07
2.6902e+08,2.6904e+08,2.6902e+08,2.6902e+08,2.6904e+08,2.6906e+08,2.6902e+08,2.6903e+08
16468,24100,16467,20174,29215,43762,13426,25842
3.3423e+06,3.3596e+06,3.3423e+06,3.3456e+06,3.3617e+06,3.3782e+06,3.3448e+06,3.3557e+06
2.7192e+06,2.7365e+06,2.7192e+06,2.7224e+06,2.7386e+06,2.755e+06,2.7217e+06,2.7325e+06
1.3773e+07,1.379e+07,1.3773e+07,1.3776e+07,1.3792e+07,1.3809e+07,1.3775e+07,1.3787e+07
8.7369e+07,8.7386e+07,8.7369e+07,8.7372e+07,8.7388e+07,8.7405e+07,8.7371e+07,8.7382e+07
6.9385e+06,6.9558e+06,6.9385e+06,6.9419e+06,6.9579e+06,6.9745e+06,6.941e+06,6.952e+06
2.395e+08,2.3952e+08,2.395e+08,2.395e+08,2.3952e+08,2.3954e+08,2.395e+08,2.3951e+08
9.7995e+06,9.8167e+06,9.7995e+06,9.8027e+06,9.819e+06,9.8353e+06,9.802e+06,9.8128e+06
4.2318e+06,4.2492e+06,4.2318e+06,4.2353e+06,4.2512e+06,4.2679e+06,4.2343e+06,4.2455e+06
4.344e+06,4.3615e+06,4.344e+06,4.3477e+06,4.3634e+06,4.3803e+06,4.3466e+06,4.358e+06
1.5478e+06,1.5652e+06,1.5478e+06,1.5527e+06,1.5669e+06,1.5844e+06,1.5503e+06,1.563e+06
1.5912e+07,1.5929e+07,1.5912e+07,1.5916e+07,1.5932e+07,1.5948e+07,1.5915e+07,1.5926e+07
38112,53995,38110,44329,56797,73862,39582,54547
1.2883e+06,1.3057e+06,1.2883e+06,1.2931e+06,1.3074e+06,1.3249e+06,1.2908e+06,1.3034e+06
1.4468e+06,1.4641e+06,1.4468e+06,1.4518e+06,1.4659e+06,1.4834e+06,1.4493e+06,1.4621e+06
33468,48528,33466,39802,51705,68558,34352,49078
4.094e+05,4.2695e+05,4.094e+05,4.132e+05,4.2865e+05,4.4561e+05,4.1209e+05,4.2351e+05
2.5686e+07,2.5703e+07,2.5686e+07,2.569e+07,2.5706e+07,2.5722e+07,2.5689e+07,2.57e+07
1.5157e+06,1.5332e+06,1.5157e+06,1.5196e+06,1.535e+06,1.5521e+06,1.5183e+06,1.53e+06
2.2812e+07,2.2829e+07,2.2812e+07,2.2816e+07,2.2831e+07,2.2848e+07,2.2815e+07,2.2826e+07
4.7673e+06,4.7846e+06,4.7673e+06,4.7706e+06,4.7868e+06,4.8032e+06,4.7699e+06,4.7807e+06
3.2746e+06,3.292e+06,3.2746e+06,3.278e+06,3.294e+06,3.3106e+06,3.2772e+06,3.2881e+06
2.5809e+06,2.5984e+06,2.5809e+06,2.5849e+06,2.6002e+06,2.6173e+06,2.5835e+06,2.5952e+06
2.9843e+05,3.1514e+05,2.9843e+05,3.0413e+05,3.1697e+05,3.3449e+05,3.0069e+05,3.1392e+05
1.3552e+05,1.5311e+05,1.3551e+05,1.3891e+05,1.5453e+05,1.7124e+05,1.3842e+05,1.492e+05
7.3098e+05,7.4777e+05,7.3098e+05,7.3658e+05,7.4945e+05,7.6698e+05,7.3334e+05,7.463e+05
18560,28706,18559,23333,33247,48449,16748,30073
1.0642e+07,1.0659e+07,1.0642e+07,1.0645e+07,1.0662e+07,1.0678e+07,1.0645e+07,1.0655e+07
5.9712e+06,5.9886e+06,5.9712e+06,5.9748e+06,5.9905e+06,6.0073e+06,5.9737e+06,5.985e+06
1.2996e+07,1.3013e+07,1.2996e+07,1.2999e+07,1.3015e+07,1.3031e+07,1.2998e+07,1.3009e+07
9.138e+05,9.3123e+05,9.138e+05,9.1715e+05,9.332e+05,9.4972e+05,9.1646e+05,9.2731e+05
2.402e+05,2.5774e+05,2.402e+05,2.4403e+05,2.594e+05,2.7638e+05,2.4289e+05,2.5438e+05
2.5863e+06,2.6035e+06,2.5863e+06,2.5895e+06,2.6057e+06,2.6221e+06,2.5888e+06,2.5996e+06
85717,67840,85719,81753,67251,50283,82618,71814
1.6815e+06,1.6988e+06,1.6815e+06,1.6864e+06,1.7006e+06,1.7181e+06,1.684e+06,1.6967e+06
63797,79284,63794,69958,81769,98784,65348,78661
17486,24753,17484,22306,29260,44105,14904,26596
83214,98469,83211,89339,1.0088e+05,1.1781e+05,84737,97802
3.0211e+06,3.0386e+06,3.0211e+06,3.0256e+06,3.0404e+06,3.0577e+06,3.0237e+06,3.0359e+06
4.5473e+05,4.7194e+05,4.5473e+05,4.5994e+05,4.7375e+05,4.9131e+05,4.5718e+05,4.7022e+05
18131,30673,18130,24166,34666,50738,17367,33137
2.8571e+06,2.8744e+06,2.8571e+06,2.8605e+06,2.8765e+06,2.8931e+06,2.8596e+06,2.8707e+06
2.7473e+08,2.7474e+08,2.7473e+08,2.7473e+08,2.7475e+08,2.7476e+08,2.7473e+08,2.7474e+08
1.4551e+05,1.3149e+05,1.4551e+05,1.4507e+05,1.2787e+05,1.1676e+05,1.4391e+05,1.372e+05
19742,33440,19741,26093,36945,53354,19832,35352
63921,80082,63919,70024,82622,99903,65641,80116
4.3364e+06,4.3539e+06,4.3364e+06,4.3401e+06,4.3558e+06,4.3727e+06,4.339e+06,4.3504e+06
1.6002e+06,1.6175e+06,1.6002e+06,1.6052e+06,1.6193e+06,1.6368e+06,1.6027e+06,1.6155e+06
60721,76748,60719,66899,79345,96595,62359,76902
8.1526e+06,8.1355e+06,8.1526e+06,8.1495e+06,8.1331e+06,8.1169e+06,8.1502e+06,8.1395e+06
1.3984e+07,1.4001e+07,1.3984e+07,1.3988e+07,1.4003e+07,1.402e+07,1.3987e+07,1.3998e+07
2.253e+07,2.2548e+07,2.253e+07,2.2534e+07,2.255e+07,2.2566e+07,2.2533e+07,2.2544e+07
6.8071e+05,6.9796e+05,6.8071e+05,6.8585e+05,6.9972e+05,7.1728e+05,6.832e+05,6.9612e+05
2.0763e+05,2.2516e+05,2.0763e+05,2.1146e+05,2.268e+05,2.4379e+05,2.1033e+05,2.2182e+05
1.5102e+06,1.5277e+06,1.5102e+06,1.5148e+06,1.5295e+06,1.5469e+06,1.5128e+06,1.5252e+06
1.2719e+05,1.4293e+05,1.2718e+05,1.3323e+05,1.4496e+05,1.6207e+05,1.2907e+05,1.4194e+05
17096,25823,17095,21261,30783,45603,14462,27273
66445,83062,66443,72252,85500,1.0283e+05,68404,82643
3.7448e+05,3.9202e+05,3.7448e+05,3.7807e+05,3.9372e+05,4.1054e+05,3.772e+05,3.8835e+05
2.1562e+05,2.3315e+05,2.1562e+05,2.1882e+05,2.3479e+05,2.5117e+05,2.1854e+05,2.2896e+05
2.8601e+06,2.8774e+06,2.8601e+06,2.8634e+06,2.8795e+06,2.896e+06,2.8626e+06,2.8735e+06
3.1803e+06,3.1976e+06,3.1803e+06,3.1836e+06,3.1998e+06,3.2162e+06,3.1829e+06,3.1937e+06
2.1496e+05,2.3071e+05,2.1496e+05,2.2095e+05,2.3254e+05,2.496e+05,2.1695e+05,2.2957e+05
8.4979e+05,8.673e+05,8.4979e+05,8.538e+05,8.691e+05,8.8618e+05,8.5241e+05,8.6412e+05
75648,92615,75646,81143,94798,1.1214e+05,77891,91637
90243,1.0759e+05,90241,93319,1.0898e+05,1.2556e+05,93032,1.0362e+05
2.5479e+06,2.5653e+06,2.5479e+06,2.5513e+06,2.5674e+06,2.5839e+06,2.5505e+06,2.5614e+06
1.6875e+06,1.7049e+06,1.6875e+06,1.6909e+06,1.7069e+06,1.7235e+06,1.6901e+06,1.7011e+06
1.1975e+06,1.215e+06,1.1975e+06,1.2009e+06,1.2169e+06,1.2335e+06,1.2001e+06,1.2111e+06
2.3303e+05,2.4984e+05,2.3303e+05,2.3871e+05,2.517e+05,2.6924e+05,2.3532e+05,2.4865e+05
2.6523e+07,2.654e+07,2.6523e+07,2.6526e+07,2.6542e+07,2.6559e+07,2.6525e+07,2.6536e+07
3.6648e+06,3.6822e+06,3.6648e+06,3.6682e+06,3.6842e+06,3.7008e+06,3.6674e+06,3.6783e+06
46603,63225,46601,51853,65418,82462,48728,62164
2.8463e+07,2.8481e+07,2.8463e+07,2.8467e+07,2.8483e+07,2.8499e+07,2.8466e+07,2.8477e+07
1.7394e+07,1.7411e+07,1.7394e+07,1.7397e+07,1.7413e+07,1.743e+07,1.7396e+07,1.7407e+07
3.6429e+06,3.6604e+06,3.6429e+06,3.6473e+06,3.6622e+06,3.6795e+06,3.6455e+06,3.6576e+06
2.5932e+08,2.5934e+08,2.5932e+08,2.5933e+08,2.5934e+08,2.5936e+08,2.5933e+08,2.5934e+08
1.1836e+07,1.1853e+07,1.1836e+07,1.1839e+07,1.1856e+07,1.1872e+07,1.1839e+07,1.1849e+07
1.6758e+07,1.6775e+07,1.6758e+07,1.6762e+07,1.6778e+07,1.6794e+07,1.6761e+07,1.6772e+07
78436,95597,78434,83290,97521,1.1472e+05,80874,93738
2.2488e+06,2.2661e+06,2.2488e+06,2.252e+06,2.2682e+06,2.2846e+06,2.2513e+06,2.2621e+06
16818,28186,16817,22475,32460,48213,15403,30975
25816,40806,25814,32516,44090,60987,26505,41879
95972,1.1339e+05,95970,99211,1.1468e+05,1.3132e+05,98854,1.0948e+05
20141,29677,20140,24657,34345,49265,18184,30542
2.7474e+06,2.7303e+06,2.7474e+06,2.7443e+06,2.728e+06,2.7117e+06,2.745e+06,2.7343e+06
1.5379e+05,1.6946e+05,1.5378e+05,1.5982e+05,1.7141e+05,1.8846e+05,1.5569e+05,1.6842e+05
6.8726e+05,7.0415e+05,6.8726e+05,6.9279e+05,7.0584e+05,7.2339e+05,6.8964e+05,7.0265e+05
6.8647e+06,6.8822e+06,6.8647e+06,6.8687e+06,6.8841e+06,6.9012e+06,6.8673e+06,6.879e+06
3.6854e+06,3.7029e+06,3.6854e+06,3.689e+06,3.7048e+06,3.7216e+06,3.688e+06,3.6993e+06
8.4381e+05,8.6133e+05,8.438e+05,8.4752e+05,8.6312e+05,8.8002e+05,8.4647e+05,8.578e+05
1.9848e+07,1.9865e+07,1.9848e+07,1.9851e+07,1.9867e+07,1.9884e+07,1.9851e+07,1.9861e+07
1.027e+07,1.0288e+07,1.027e+07,1.0274e+07,1.029e+07,1.0307e+07,1.0273e+07,1.0284e+07
1.6619e+05,1.8369e+05,1.6619e+05,1.6972e+05,1.8528e+05,2.021e+05,1.6891e+05,1.8004e+05
8.1567e+06,8.1739e+06,8.1567e+06,8.1599e+06,8.1761e+06,8.1925e+06,8.1592e+06,8.17e+06
1.1817e+05,1.3351e+05,1.1817e+05,1.2426e+05,1.3564e+05,1.5256e+05,1.1988e+05,1.3265e+05
40069,22894,40071,36126,25456,16413,36367,27465
24169,38326,24167,30484,41930,58445,24383,39977
1.4721e+06,1.4896e+06,1.4721e+06,1.4766e+06,1.4914e+06,1.5087e+06,1.4747e+06,1.487e+06
8.9378e+07,8.9395e+07,8.9378e+07,8.9381e+07,8.9397e+07,8.9414e+07,8.938e+07,8.9391e+07
1.4755e+06,1.493e+06,1.4755e+06,1.4794e+06,1.4948e+06,1.5119e+06,1.4782e+06,1.4897e+06
2.3145e+05,2.4801e+05,2.3145e+05,2.3726e+05,2.4989e+05,2.6738e+05,2.3364e+05,2.4694e+05
3.2804e+05,3.4548e+05,3.2804e+05,3.3131e+05,3.4737e+05,3.6379e+05,3.3079e+05,3.4145e+05
1.4468e+07,1.4485e+07,1.4468e+07,1.4471e+07,1.4487e+07,1.4504e+07,1.447e+07,1.4481e+07
2.3441e+06,2.3615e+06,2.344e+06,2.3476e+06,2.3635e+06,2.3802e+06,2.3466e+06,2.3578e+06
18588,28476,18587,23273,33122,48242,16614,29715
1.7061e+07,1.7078e+07,1.7061e+07,1.7064e+07,1.708e+07,1.7097e+07,1.7063e+07,1.7074e+07
3.5823e+05,3.7503e+05,3.5823e+05,3.6387e+05,3.7681e+05,3.9435e+05,3.6055e+05,3.7371e+05
3.6424e+06,3.6599e+06,3.6424e+06,3.6469e+06,3.6617e+06,3.679e+06,3.645e+06,3.6573e+06
1.2376e+07,1.2394e+07,1.2376e+07,1.238e+07,1.2396e+07,1.2412e+07,1.2379e+07,1.239e+07
7.8525e+07,7.8543e+07,7.8525e+07,7.8529e+07,7.8545e+07,7.8561e+07,7.8528e+07,7.8539e+07
45672,61226,45670,52043,64109,81200,46956,61773
4.6948e+05,4.8699e+05,4.6948e+05,4.7347e+05,4.8876e+05,5.0583e+05,4.7211e+05,4.8381e+05
4.8914e+07,4.8931e+07,4.8914e+07,4.8917e+07,4.8933e+07,4.895e+07,4.8916e+07,4.8927e+07
93904,76084,93906,89800,75369,58245,90863,79827
17009,16684,17009,19351,22322,35477,12500,20338
1.7685e+06,1.7858e+06,1.7684e+06,1.7734e+06,1.7875e+06,1.805e+06,1.771e+06,1.7837e+06
5.9997e+06,6.017e+06,5.9997e+06,6.003e+06,6.0191e+06,6.0356e+06,6.0022e+06,6.0132e+06
1.2225e+07,1.2243e+07,1.2225e+07,1.2229e+07,1.2245e+07,1.2261e+07,1.2228e+07,1.2239e+07
2.51e+06,2.5273e+06,2.51e+06,2.5132e+06,2.5294e+06,2.5458e+06,2.5125e+06,2.5233e+06
7.5753e+07,7.577e+07,7.5753e+07,7.5756e+07,7.5773e+07,7.5789e+07,7.5756e+07,7.5767e+07
1.1102e+05,1.2821e+05,1.1101e+05,1.1629e+05,1.3021e+05,1.4764e+05,1.1342e+05,1.2676e+05
1.303e+07,1.3047e+07,1.303e+07,1.3033e+07,1.3049e+07,1.3066e+07,1.3032e+07,1.3043e+07
2.1929e+06,2.2103e+06,2.1929e+06,2.1963e+06,2.2123e+06,2.2289e+06,2.1955e+06,2.2065e+06
7.1021e+05,7.2769e+05,7.1021e+05,7.1372e+05,7.2958e+05,7.4628e+05,7.1286e+05,7.2394e+05
6.0758e+05,6.2454e+05,6.0758e+05,6.1307e+05,6.2625e+05,6.4382e+05,6.0998e+05,6.2302e+05
2.0796e+06,2.0971e+06,2.0796e+06,2.0841e+06,2.0989e+06,2.1162e+06,2.0822e+06,2.0945e+06
7.0193e+07,7.021e+07,7.0193e+07,7.0196e+07,7.0212e+07,7.0229e+07,7.0195e+07,7.0206e+07
1.3054e+08,1.3055e+08,1.3054e+08,1.3054e+08,1.3055e+08,1.3057e+08,1.3054e+08,1.3055e+08
2.2002e+07,2.2019e+07,2.2002e+07,2.2005e+07,2.2022e+07,2.2038e+07,2.2005e+07,2.2016e+07
3.2743e+06,3.2918e+06,3.2743e+06,3.2788e+06,3.2936e+06,3.3109e+06,3.2769e+06,3.2892e+06
8.8883e+07,8.89e+07,8.8883e+07,8.8886e+07,8.8902e+07,8.8918e+07,8.8885e+07,8.8896e+07
1.8076e+07,1.8093e+07,1.8076e+07,1.8079e+07,1.8095e+07,1.8112e+07,1.8078e+07,1.8089e+07
4.7458e+05,4.921e+05,4.7458e+05,4.7855e+05,4.9386e+05,5.1092e+05,4.7722e+05,4.8889e+05
2.9032e+05,3.0614e+05,2.9032e+05,2.9626e+05,3.0786e+05,3.2493e+05,2.9237e+05,3.049e+05
1.5711e+05,1.7277e+05,1.5711e+05,1.6314e+05,1.7475e+05,1.918e+05,1.5899e+05,1.7176e+05
5.0186e+05,5.1942e+05,5.0186e+05,5.0548e+05,5.2114e+05,5.3797e+05,5.0458e+05,5.1575e+05
1.4136e+06,1.4309e+06,1.4136e+06,1.4169e+06,1.433e+06,1.4494e+06,1.4162e+06,1.427e+06
8.9074e+06,8.9248e+06,8.9074e+06,8.9111e+06,8.9268e+06,8.9436e+06,8.91e+06,8.9214e+06
1.3427e+06,1.3601e+06,1.3427e+06,1.3461e+06,1.3621e+06,1.3787e+06,1.3453e+06,1.3563e+06
1.3856e+07,1.3873e+07,1.3856e+07,1.386e+07,1.3875e+07,1.3892e+07,1.3859e+07,1.387e+07
53056,69451,53054,58948,72016,89222,54876,69331
53385,69801,53383,59341,72341,89588,55216,69678
1.7947e+05,1.9683e+05,1.7947e+05,1.8426e+05,1.9871e+05,2.1606e+05,1.8198e+05,1.947e+05
1.5616e+05,1.7176e+05,1.5616e+05,1.622e+05,1.7373e+05,1.9075e+05,1.5803e+05,1.7075e+05
3.9279e+05,4.1013e+05,3.9278e+05,3.9774e+05,4.1195e+05,4.2944e+05,3.953e+05,4.0811e+05
49100,64786,49098,55332,67629,84723,50473,65219
6.0733e+06,6.0906e+06,6.0733e+06,6.0766e+06,6.0927e+06,6.1092e+06,6.0758e+06,6.0867e+06
92626,1.089e+05,92623,98672,1.1122e+05,1.286e+05,94499,1.0849e+05
2.222e+07,2.2237e+07,2.222e+07,2.2223e+07,2.2239e+07,2.2256e+07,2.2223e+07,2.2233e+07
3.5185e+06,3.5359e+06,3.5185e+06,3.5222e+06,3.5378e+06,3.5547e+06,3.5211e+06,3.5325e+06
6.7771e+06,6.7944e+06,6.7771e+06,6.7804e+06,6.7965e+06,6.813e+06,6.7796e+06,6.7905e+06
9.0093e+07,9.011e+07,9.0093e+07,9.0096e+07,9.0112e+07,9.0129e+07,9.0096e+07,9.0106e+07
4.8372e+07,4.8389e+07,4.8372e+07,4.8375e+07,4.8391e+07,4.8408e+07,4.8374e+07,4.8385e+07
4.1377e+05,4.3131e+05,4.1377e+05,4.1729e+05,4.3303e+05,4.4979e+05,4.1649e+05,4.2754e+05
3.1308e+07,3.1325e+07,3.1308e+07,3.1311e+07,3.1328e+07,3.1344e+07,3.1311e+07,3.1322e+07
8.9098e+07,8.9116e+07,8.9098e+07,8.9102e+07,8.9118e+07,8.9134e+07,8.9101e+07,8.9112e+07
2.9738e+06,2.9913e+06,2.9738e+06,2.9784e+06,2.9931e+06,3.0104e+06,2.9764e+06,2.9887e+06
69846,85981,69844,75956,88500,1.058e+05,71568,85917
1.6092e+06,1.6266e+06,1.6092e+06,1.6125e+06,1.6286e+06,1.6451e+06,1.6118e+06,1.6227e+06
3.1379e+05,3.2979e+05,3.1379e+05,3.1971e+05,3.3148e+05,3.4863e+05,3.1591e+05,3.285e+05
8.5373e+07,8.539e+07,8.5373e+07,8.5376e+07,8.5393e+07,8.5409e+07,8.5376e+07,8.5387e+07
2.9557e+08,2.9558e+08,2.9557e+08,2.9557e+08,2.9559e+08,2.956e+08,2.9557e+08,2.9558e+08
3.4639e+06,3.4814e+06,3.4639e+06,3.4684e+06,3.4832e+06,3.5005e+06,3.4665e+06,3.4787e+06
44898,61579,44896,50353,63853,80903,47066,60797
22851,35271,22850,28407,39312,55169,22201,35885
1.0225e+05,1.1885e+05,1.0225e+05,1.0816e+05,1.2102e+05,1.3849e+05,1.0432e+05,1.1824e+05
5.673e+06,5.6903e+06,5.673e+06,5.6764e+06,5.6924e+06,5.709e+06,5.6755e+06,5.6866e+06
96809,1.1431e+05,96807,99771,1.1561e+05,1.3208e+05,99784,1.1002e+05
9.9979e+05,1.0173e+06,9.9978e+05,1.0036e+06,1.0191e+06,1.036e+06,1.0024e+06,1.0138e+06
1.2092e+05,1.0327e+05,1.2092e+05,1.1768e+05,1.0176e+05,85201,1.1812e+05,1.0771e+05
1.1349e+06,1.1522e+06,1.1349e+06,1.1398e+06,1.1539e+06,1.1715e+06,1.1374e+06,1.1501e+06
5.871e+06,5.8885e+06,5.871e+06,5.875e+06,5.8903e+06,5.9074e+06,5.8736e+06,5.8853e+06
3.3798e+05,3.5419e+05,3.3798e+05,3.4385e+05,3.5587e+05,3.7314e+05,3.4017e+05,3.5286e+05
2.1561e+05,2.3318e+05,2.1561e+05,2.1894e+05,2.3479e+05,2.5134e+05,2.1849e+05,2.2915e+05
2.8525e+05,3.0277e+05,2.8525e+05,2.8933e+05,3.0446e+05,3.2157e+05,2.879e+05,2.997e+05
2.9584e+05,3.134e+05,2.9584e+05,3e+05,3.1506e+05,3.3222e+05,2.9853e+05,3.1037e+05
22735,36217,22733,29147,40032,56429,22492,37700
16688,24876,16687,20607,29944,44625,13809,26436
43848,60387,43846,49051,62530,79505,45996,59377
7.6619e+06,7.6792e+06,7.6619e+06,7.6652e+06,7.6813e+06,7.6978e+06,7.6644e+06,7.6753e+06
1.3864e+06,1.4038e+06,1.3864e+06,1.3897e+06,1.4058e+06,1.4223e+06,1.389e+06,1.3998e+06
3.0087e+05,3.1839e+05,3.0087e+05,3.0499e+05,3.2007e+05,3.3721e+05,3.0353e+05,3.1536e+05
4.0415e+05,4.2172e+05,4.0415e+05,4.0771e+05,4.2339e+05,4.4019e+05,4.0689e+05,4.1798e+05
2.2359e+05,2.4034e+05,2.2358e+05,2.2929e+05,2.4222e+05,2.5976e+05,2.2584e+05,2.3919e+05
3.3018e+06,3.3193e+06,3.3018e+06,3.3058e+06,3.3212e+06,3.3382e+06,3.3044e+06,3.3161e+06
1.5784e+07,1.5802e+07,1.5784e+07,1.5788e+07,1.5804e+07,1.582e+07,1.5787e+07,1.5798e+07
1.3601e+07,1.3618e+07,1.3601e+07,1.3604e+07,1.362e+07,1.3636e+07,1.3603e+07,1.3614e+07
1.6737e+06,1.691e+06,1.6737e+06,1.6787e+06,1.6927e+06,1.7103e+06,1.6762e+06,1.689e+06
6.2448e+06,6.2621e+06,6.2448e+06,6.2481e+06,6.2642e+06,6.2807e+06,6.2473e+06,6.2582e+06
1.307e+05,1.4826e+05,1.307e+05,1.3406e+05,1.4966e+05,1.6641e+05,1.3355e+05,1.4438e+05
5.4334e+06,5.4508e+06,5.4334e+06,5.437e+06,5.4528e+06,5.4695e+06,5.436e+06,5.4472e+06
1.1995e+05,1.3745e+05,1.1995e+05,1.2306e+05,1.3886e+05,1.5539e+05,1.2285e+05,1.333e+05
2.1209e+06,2.1383e+06,2.1209e+06,2.1244e+06,2.1402e+06,2.157e+06,2.1235e+06,2.1347e+06
3.9417e+05,4.1173e+05,3.9417e+05,3.9758e+05,4.134e+05,4.3001e+05,3.9699e+05,4.0778e+05
7.6072e+07,7.6089e+07,7.6072e+07,7.6075e+07,7.6091e+07,7.6108e+07,7.6074e+07,7.6085e+07
1.0168e+05,1.1888e+05,1.0167e+05,1.0696e+05,1.2087e+05,1.3828e+05,1.0409e+05,1.1745e+05
26867,42117,26866,32792,45006,61680,28108,42764
5.5718e+06,5.5892e+06,5.5718e+06,5.5755e+06,5.5911e+06,5.608e+06,5.5744e+06,5.5858e+06
56119,70990,56116,62293,73773,90555,57293,70637
21004,34095,21002,27284,38032,54286,20515,36074
2.0392e+05,2.2147e+05,2.0392e+05,2.0778e+05,2.2309e+05,2.4009e+05,2.0663e+05,2.1814e+05
82456,99657,82454,87325,1.016e+05,1.1881e+05,84913,97803
2.3954e+05,2.5673e+05,2.3954e+05,2.448e+05,2.5863e+05,2.7617e+05,2.4196e+05,2.5516e+05
1.4745e+05,1.6461e+05,1.4745e+05,1.5278e+05,1.6659e+05,1.8409e+05,1.4983e+05,1.6321e+05
8.0726e+06,8.0899e+06,8.0726e+06,8.0759e+06,8.092e+06,8.1085e+06,8.0751e+06,8.0861e+06
24916,37463,24914,30681,41405,57343,24420,38081
7.3351e+06,7.3526e+06,7.3351e+06,7.3391e+06,7.3545e+06,7.3715e+06,7.3377e+06,7.3494e+06
3.498e+06,3.5155e+06,3.498e+06,3.5024e+06,3.5173e+06,3.5346e+06,3.5006e+06,3.5128e+06
2.2774e+07,2.2791e+07,2.2774e+07,2.2777e+07,2.2793e+07,2.281e+07,2.2776e+07,2.2787e+07
1.2645e+05,1.4396e+05,1.2645e+05,1.2981e+05,1.4535e+05,1.6207e+05,1.293e+05,1.401e+05
24412,38172,24410,30638,41826,58211,24483,39989
8.1423e+06,8.1597e+06,8.1423e+06,8.1458e+06,8.1617e+06,8.1784e+06,8.1448e+06,8.156e+06
45316,61206,45314,51561,63955,81105,46806,61683
2.0952e+06,2.1126e+06,2.0952e+06,2.0986e+06,2.1146e+06,2.1312e+06,2.0978e+06,2.1088e+06
2.2245e+06,2.242e+06,2.2245e+06,2.229e+06,2.2438e+06,2.2611e+06,2.2271e+06,2.2394e+06
1.4683e+05,1.6342e+05,1.4683e+05,1.5267e+05,1.6549e+05,1.8298e+05,1.4894e+05,1.6259e+05
1.8121e+07,1.8139e+07,1.8121e+07,1.8125e+07,1.8141e+07,1.8157e+07,1.8124e+07,1.8135e+07
3.285e+06,3.3024e+06,3.285e+06,3.2885e+06,3.3044e+06,3.3211e+06,3.2876e+06,3.2987e+06
60063,76635,60061,65911,79056,96348,62021,76295
5.2681e+05,5.4437e+05,5.2681e+05,5.3054e+05,5.4613e+05,5.6302e+05,5.2951e+05,5.4083e+05
1.118e+07,1.1197e+07,1.118e+07,1.1183e+07,1.1199e+07,1.1216e+07,1.1182e+07,1.1193e+07
2.3381e+06,2.3555e+06,2.3381e+06,2.3417e+06,2.3575e+06,2.3743e+06,2.3407e+06,2.3519e+06
1.5922e+08,1.5924e+08,1.5922e+08,1.5922e+08,1.5924e+08,1.5926e+08,1.5922e+08,1.5923e+08
1.2398e+06,1.2572e+06,1.2398e+06,1.2431e+06,1.2592e+06,1.2757e+06,1.2425e+06,1.2533e+06
5.8268e+05,6.0001e+05,5.8268e+05,5.8772e+05,6.0178e+05,6.1931e+05,5.8521e+05,5.9804e+05
3.6049e+06,3.6224e+06,3.6049e+06,3.6093e+06,3.6242e+06,3.6415e+06,3.6075e+06,3.6196e+06
30693,45977,30691,36449,48840,65469,32009,46531
1.1739e+05,1.3483e+05,1.1739e+05,1.206e+05,1.3627e+05,1.5292e+05,1.2018e+05,1.3089e+05
1.5759e+06,1.5932e+06,1.5759e+06,1.5791e+06,1.5953e+06,1.6116e+06,1.5785e+06,1.5892e+06
1.0753e+05,1.2494e+05,1.0753e+05,1.1071e+05,1.264e+05,1.4303e+05,1.103e+05,1.2102e+05
2.1804e+06,2.1979e+06,2.1804e+06,2.1839e+06,2.1998e+06,2.2165e+06,2.183e+06,2.1942e+06
16974,24625,16973,20345,29859,44242,13927,25934
1.3656e+07,1.3674e+07,1.3656e+07,1.366e+07,1.3676e+07,1.3693e+07,1.3659e+07,1.367e+07
69640,86464,69637,75293,88707,1.0605e+05,71787,85756
1.5431e+05,1.703e+05,1.543e+05,1.6031e+05,1.723e+05,1.8954e+05,1.5627e+05,1.693e+05
3.8564e+07,3.8582e+07,3.8564e+07,3.8568e+07,3.8584e+07,3.86e+07,3.8567e+07,3.8578e+07
2.1961e+07,2.1979e+07,2.1961e+07,2.1965e+07,2.1981e+07,2.1998e+07,2.1964e+07,2.1975e+07
1.353e+08,1.3531e+08,1.353e+08,1.353e+08,1.3532e+08,1.3533e+08,1.353e+08,1.3531e+08
3.3464e+05,3.5219e+05,3.3464e+05,3.3808e+05,3.5382e+05,3.7055e+05,3.374e+05,3.4833e+05
5.1638e+06,5.1813e+06,5.1638e+06,5.1678e+06,5.1832e+06,5.2002e+06,5.1664e+06,5.1781e+06
4.3619e+05,4.5341e+05,4.3619e+05,4.4137e+05,4.5523e+05,4.7278e+05,4.3864e+05,4.5166e+05
4.8102e+07,4.8119e+07,4.8102e+07,4.8105e+07,4.8121e+07,4.8138e+07,4.8104e+07,4.8115e+07
3.1721e+05,3.3332e+05,3.1721e+05,3.2311e+05,3.3501e+05,3.5222e+05,3.1937e+05,3.3201e+05
6.1548e+05,6.3294e+05,6.1548e+05,6.1879e+05,6.3483e+05,6.5132e+05,6.182e+05,6.2894e+05
2.8319e+08,2.8321e+08,2.8319e+08,2.8319e+08,2.8321e+08,2.8323e+08,2.8319e+08,2.832e+08
6.611e+05,6.7862e+05,6.6109e+05,6.6494e+05,6.8041e+05,6.9738e+05,6.6375e+05,6.7524e+05
2.5435e+07,2.5452e+07,2.5435e+07,2.5438e+07,2.5455e+07,2.5471e+07,2.5438e+07,2.5448e+07
4.988e+06,5.0053e+06,4.988e+06,4.9913e+06,5.0075e+06,5.0239e+06,4.9905e+06,5.0014e+06
3.9962e+06,3.9792e+06,3.9962e+06,3.9932e+06,3.9768e+06,3.9606e+06,3.9939e+06,3.9831e+06
42473,59304,42471,45164,60358,76767,45309,55404
1.1858e+05,1.36e+05,1.1858e+05,1.2309e+05,1.3763e+05,1.5491e+05,1.2118e+05,1.335e+05
1.3466e+05,1.5195e+05,1.3466e+05,1.3956e+05,1.5388e+05,1.7122e+05,1.3713e+05,1.5002e+05
1.0227e+07,1.0244e+07,1.0227e+07,1.023e+07,1.0246e+07,1.0263e+07,1.0229e+07,1.0241e+07
1.2031e+05,1.3785e+05,1.2031e+05,1.235e+05,1.3927e+05,1.5587e+05,1.232e+05,1.3378e+05
1.4948e+06,1.5122e+06,1.4948e+06,1.4982e+06,1.5142e+06,1.5308e+06,1.4974e+06,1.5083e+06
1.2678e+08,1.2679e+08,1.2678e+08,1.2678e+08,1.268e+08,1.2681e+08,1.2678e+08,1.2679e+08
8.5958e+06,8.6131e+06,8.5958e+06,8.5992e+06,8.6152e+06,8.6318e+06,8.5983e+06,8.6093e+06
1.2e+05,1.3749e+05,1.2e+05,1.2448e+05,1.3921e+05,1.564e+05,1.2267e+05,1.3495e+05
3.2481e+06,3.2655e+06,3.2481e+06,3.2516e+06,3.2675e+06,3.2842e+06,3.2507e+06,3.2617e+06
3.6902e+07,3.692e+07,3.6902e+07,3.6906e+07,3.6922e+07,3.6938e+07,3.6905e+07,3.6916e+07
1.2287e+05,1.4012e+05,1.2287e+05,1.281e+05,1.4209e+05,1.5953e+05,1.2531e+05,1.3857e+05
3.1732e+05,3.3336e+05,3.1732e+05,3.2323e+05,3.3504e+05,3.5222e+05,3.1946e+05,3.3206e+05
3.2166e+05,3.3853e+05,3.2166e+05,3.2726e+05,3.4031e+05,3.5786e+05,3.24e+05,3.3719e+05
1.0144e+05,1.1697e+05,1.0144e+05,1.0754e+05,1.1917e+05,1.3621e+05,1.0317e+05,1.1613e+05
