r_ref,a,b,m,n1,n2,n3
0.00744,4.0649,8.428,15,4.2428,3.6712,3.8807
0.00363,0.86759,3.3314,12,2.8793,12.064,5.2013
0.00744,0.46181,1.0659,2,1.8296,4.0508,1.1977
0.01524,3.3452,2.4179,16,4.3962,5.7518,6.6528
0.00434,3.4796,1.9988,14,5.981,6.2132,3.5085
0.01275,8.6482,6.0668,14,3.9208,3.6702,5.781
0.00521,0.95997,5.2557,2,3.3203,7.2525,1.9163
0.00622,4.7494,4.7607,8,7.2286,9.5281,5.2303
0.00305,3.8954,4.0369,9,4.8432,3.5524,3.1312
0.00744,5.7399,2.2535,7,9.925,5.155,10.486
0.00305,2.0047,6.149,7,5.7704,4.9266,0.56622
0.01064,1.1413,3.9493,4,2.1153,6.7647,4.371
0.00622,3.0885,1.8964,11,9.3875,3.9044,7.9907
0.01064,1.5212,0.69259,10,3.2172,9.9407,5.5036
0.00363,1.8325,2.6842,3,2.8433,5.4914,4.9912
0.00744,0.68734,2.5979,6,4.5414,1.0715,3.4884
0.01275,3.7642,4.5142,7,2.6343,2.4275,3.4106
0.00744,0.45375,5.6124,11,5.1857,4.0845,1.4952
0.01524,2.1034,2.5492,9,2.636,5.3321,5.8788
0.00363,10.175,5.4126,2,10.687,2.4122,7.633
0.00434,4.8145,4.6143,3,2.9364,5.2382,3.6712
0.00521,4.5272,2.8664,4,14.917,3.104,0.35857
0.00622,2.373,1.2603,7,9.2673,5.3303,3.195
0.01064,4.3902,1.772,4,9.2078,6.6226,5.1067
0.01275,0.41787,1.9324,8,5.7233,3.6949,4.9687
0.00305,2.9134,4.5906,10,2.4807,6.0161,5.3154
0.00521,7.8166,2.7062,2,6.4173,4.4032,3.1243
0.00744,1.6075,0.85871,6,10.253,5.3317,5.2178
0.01064,0.67884,0.70212,9,4.7274,5.6371,1.8051
0.00744,3.4827,1.7304,11,2.1385,5.3782,10.01
0.01275,1.8337,6.2982,5,7.4723,8.1155,5.6443
0.01524,0.63767,2.838,16,3.9803,6.8618,2.8576
0.01064,2.8737,4.3091,3,10.043,4.4974,2.9155
0.00363,0.63197,0.10406,2,5.3659,3.3432,11.024
0.00305,3.4647,1.7511,3,1.3742,10.187,12.987
0.00305,2.1962,2.4686,14,3.6162,4.6589,3.9975
0.00254,1.3028,1.1817,10,12.009,5.4974,5.1474
0.00521,2.0253,2.3677,3,1.0427,12.868,2.6358
0.00363,3.5374,0.7514,4,7.493,3.5324,3.882
0.00434,1.547,1.9194,12,4.7159,7.7143,2.762
0.00363,1.9895,1.0245,8,3.9332,3.4686,12.907
0.00744,3.1674,2.8238,13,4.9748,5.8704,5.9342
0.00434,2.0743,0.87323,3,2.4893,1.6039,19.208
0.00363,4.2904,6.7925,3,10.437,3.3722,8.7804
0.01064,3.9338,4.8673,4,9.4706,7.0649,5.2061
0.00622,0.63722,3.7109,4,3.4505,3.8749,4.6815
0.00305,4.5515,1.3869,3,3.035,5.296,1.8768
0.00521,1.0859,2.1434,12,13.407,6.7274,5.1788
0.00305,0.64757,0.89272,7,4.0928,8.7928,9.1067
0.00254,4.3725,0.21004,10,12.359,1.8203,0.22522
0.01275,0.24929,1.0125,13,19.544,6.0559,3.1093
0.00254,4.6995,2.3697,13,9.1654,5.4324,0.72269
0.00521,1.9264,5.153,2,4.5496,3.7878,6.8691
0.00892,1.5407,4.0057,6,5.0274,7.8783,8.5864
0.01524,0.59407,1.2081,4,7.4828,3.4791,4.8631
0.01275,0.8363,1.6651,3,8.267,5.4534,4.7788
0.00892,0.3992,0.71645,4,7.7848,5.4838,7.2449
0.01064,3.6413,2.1542,16,4.4132,10.507,7.1807
0.00254,8.5886,7.6157,13,3.3559,6.3,3.9978
0.00254,5.3758,4.2403,5,11.383,3.6764,4.6241
0.01524,0.83512,0.91197,8,6.1961,4.1357,3.8079
0.01524,3.1088,3.5142,2,3.4556,4.9917,1.6078
0.01275,1.0943,0.64473,5,2.2301,9.274,13.833
0.01275,1.2014,3.5096,8,9.8179,6.8352,5.4613
0.00305,1.979,3.0099,6,6.0632,5.968,2.9282
0.01064,0.74354,1.4478,9,4.8693,2.2927,5.241
0.00521,5.3986,2.483,9,10.52,7.176,3.1116
0.00305,3.2646,0.50728,2,3.6133,2.5379,5.5611
0.01524,1.0869,3.5333,3,3.2153,6.7684,3.544
0.00305,1.2199,1.6768,11,3.9747,4.0805,4.9725
0.01524,3.2717,1.9055,16,7.5119,2.7452,3.6133
0.00363,10.395,3.2156,3,3.4396,6.7519,6.5656
0.00744,3.4092,2.6889,5,10.608,8.6073,5.032
0.00305,1.5433,1.0526,11,11.48,7.8094,0.44779
0.00305,1.5404,1.3944,2,7.1678,3.9005,3.2021
0.00363,4.3642,3.8868,16,15.433,6.7065,9.6109
0.00744,0.070426,2.8877,3,10.609,2.2325,2.8357
0.00892,1.3124,7.7939,15,8.1066,7.2812,5.9009
0.00744,1.4924,0.89067,15,13.31,5.7217,8.1403
0.01275,3.8723,1.4935,14,8.7473,7.6281,11.471
0.00622,3.601,2.3635,3,1.7681,7.8897,2.5446
0.01524,2.8217,1.9004,13,5.0383,5.8321,4.2804
0.01064,3.0778,2.8814,9,2.5556,7.8919,6.5878
0.00254,6.8674,5.9591,4,8.0719,3.5245,9.5096
0.01524,5.4604,1.2868,11,10.59,6.6773,4.2547
0.00305,0.71247,1.6406,14,3.0506,2.4994,6.7018
0.00363,1.8297,1.7593,16,4.1948,7.438,11.545
0.00622,0.9103,1.9032,14,4.3986,5.2417,3.1422
0.00254,2.2975,5.086,16,7.2081,5.7667,3.261
0.01064,2.0934,0.82753,13,13.864,1.864,4.6779
0.00363,1.2319,0.99181,12,2.0588,6.2751,2.1462
0.00254,1.7391,0.91304,10,11.455,5.9963,4.5606
0.01064,8.0776,2.8174,2,12.462,9.7778,2.5315
0.00521,5.4267,6.2078,15,2.1059,4.2114,4.0474
0.01064,1.7163,0.3379,12,8.1621,5.6266,1.6814
0.01064,6.5721,1.5012,4,6.4326,7.1309,2.8766
0.00434,4.3159,6.6223,7,6.5733,5.2841,3.3246
0.00305,1.3645,1.2608,5,8.7023,6.5665,3.4656
0.00434,0.97507,1.7444,11,4.4483,10.142,4.0236
0.00892,1.0116,1.9225,5,7.2278,3.1283,6.4935
0.00521,2.2379,10.275,15,11.702,4.7132,1.8031
0.00744,0.67642,0.68495,9,2.8017,6.6645,3.1329
0.00254,3.1432,0.90112,8,2.793,3.6434,7.9081
0.00521,1.3833,0.60601,16,6.2695,3.1968,2.097
0.00622,5.7017,3.9903,15,8.2259,4.7702,5.8994
0.01064,0.63914,1.8023,13,3.3548,7.0927,6.9372
0.01275,1.1013,2.0654,6,7.332,1.2815,2.2073
0.00305,2.4411,5.7357,14,6.7241,5.7134,2.8488
0.00434,3.1814,1.6562,6,2.1795,3.3091,5.1676
0.00622,0.52678,3.5452,4,10.824,3.6969,4.1816
0.01524,2.4298,2.2833,5,8.1973,6.9579,8.5753
0.00622,0.6805,2.5552,10,4.1818,4.0549,4.0989
0.01275,2.3179,1.0755,2,5.3533,3.4009,4.5411
0.01275,2.0815,5.3224,10,5.1862,4.8584,4.0237
0.00521,0.42416,1.2724,2,6.5944,3.7221,5.656
0.01064,7.8768,2.5589,4,3.0201,11.703,4.8207
0.01524,4.7065,5.9738,12,15.559,5.3601,4.3237
0.00305,1.089,1.7873,10,8.6151,7.9467,4.5546
0.00254,2.8388,4.2091,9,10.531,5.0429,3.6018
0.00622,2.2055,1.451,3,3.3811,3.1764,6.309
0.00363,5.0878,1.1461,10,4.8123,2.8654,3.4252
0.00254,1.7306,5.0301,10,4.9,8.7832,3.1985
0.00363,1.5665,2.8504,3,3.1824,6.7738,1.3991
0.00434,7.8991,0.50236,3,11.33,4.579,3.3303
0.00363,0.95184,1.9563,10,9.0276,9.1962,5.7322
0.00892,5.0992,2.1534,11,9.7526,5.5152,3.6292
0.01275,6.2092,1.6173,10,2.7539,3.9878,8.5935
0.00434,1.4222,2.7149,12,5.7156,1.4465,1.7221
0.00254,5.6251,1.6613,13,3.0166,8.2016,13.01
0.00521,2.9633,2.9829,5,10.71,4.9388,6.3219
0.00434,0.9062,7.3246,4,11.975,7.716,4.7303
0.00744,1.3829,4.1519,5,8.3535,2.0392,5.5829
0.00622,1.4433,3.78,6,3.9703,14.508,5.5347
0.00744,4.2722,2.2402,16,3.7128,9.797,13.073
0.00892,0.52129,0.89871,16,3.0313,8.9129,4.5732
0.00622,1.1108,1.5434,10,1.0419,4.0271,4.3881
0.00622,1.7204,2.9441,13,1.6609,5.5762,4.131
0.00622,3.8396,1.6856,7,12.423,1.6405,1.8041
0.00622,2.15,1.2286,3,3.664,12.798,7.5141
0.00305,3.543,4.4268,15,1.442,5.2595,5.3719
0.00305,5.1874,6.3776,8,1.4378,8.92,8.3042
0.00892,0.11343,1.5073,2,1.8416,3.9366,6.8357
0.00305,1.3076,2.667,3,3.9626,7.8965,11.075
0.00305,0.84064,0.93627,3,8.2277,2.1522,7.2346
0.01064,0.44892,5.7794,12,6.3487,2.2462,2.2375
0.00892,6.5049,1.1434,5,4.2396,5.2765,7.6906
0.01064,1.8389,9.2394,15,16.992,6.0328,6.2568
0.00892,1.8328,3.6317,3,11.827,9.747,2.0064
0.00892,3.444,1.4851,7,2.1495,4.7707,5.235
0.01064,1.0782,4.8006,3,1.2068,11.336,4.6221
0.00521,2.6394,0.42971,13,8.9002,1.8464,1.8871
0.00892,0.53616,1.3111,3,5.2141,1.8641,3.5301
0.01064,4.9522,2.1805,12,15.277,5.7564,4.565
0.01275,9.3305,2.4982,14,3.8818,8.701,10.239
0.00254,0.30207,0.43868,11,4.242,3.2422,6.8011
0.00622,3.5823,0.95035,14,14.535,7.7468,11.978
0.01275,4.6934,4.1006,4,4.8002,11.412,3.6229
0.00363,1.6698,4.5641,12,2.927,5.4072,6.2531
0.00305,1.222,3.7058,11,8.9845,2.9436,2.141
0.00434,0.7172,3.9202,8,11.21,2.6947,1.1563
0.00622,0.36843,4.6057,4,1.6008,1.949,3.5917
0.00892,1.084,2.4507,4,2.0357,4.1144,3.1937
0.00363,2.9179,1.5856,9,8.4397,5.0841,4.8723
0.00892,3.1967,3.0348,10,10.571,7.4635,1.018
0.00521,4.7922,4.4191,16,8.5139,3.0656,5.8721
0.00521,5.0904,3.8817,9,12.272,2.4942,4.0977
0.00521,2.8297,1.5516,2,6.2701,4.5089,10.653
0.00892,0.94221,1.7,4,13.318,5.5774,5.5634
0.00254,0.3785,6.2708,12,8.7463,5.1641,3.1312
0.00434,3.841,1.761,16,1.6403,2.4329,3.339
0.01275,2.5501,1.2228,14,8.745,1.9023,10.775
0.00363,4.8629,3.3535,3,11.698,2.7147,4.9994
0.00744,0.504,3.4586,15,3.2038,7.6653,2.4617
0.00892,1.5826,1.1386,13,6.3014,13.443,12.063
0.01275,1.2639,1.3248,14,3.9914,12.623,6.9072
0.01275,3.0133,4.0823,9,5.2863,6.152,5.8355
0.00521,0.52685,0.78065,5,8.6436,5.5147,4.7447
0.00434,4.8978,7.2635,10,7.4094,5.2577,5.7301
0.01275,1.6095,4.8574,8,5.8313,1.3535,2.1323
0.00434,2.3991,2.2536,8,2.2467,8.1923,3.7381
0.01524,6.3412,5.6818,13,8.0321,7.0752,3.4207
0.01064,5.9334,3.5916,15,10.442,6.3925,5.1125
0.00892,1.8907,3.5142,2,6.296,5.1278,8.3431
0.00434,5.1722,2.953,15,3.026,9.5923,9.0727
0.01275,0.9637,2.5134,5,8.4865,4.8944,8.4197
0.00363,0.99832,3.085,10,3.46,3.948,2.9276
0.00434,0.16746,3.2205,3,10.05,1.9775,6.6516
0.00892,0.43519,1.6464,7,1.5094,6.1493,3.3651
0.01064,6.7182,2.0504,9,5.7496,6.8431,8.4772
0.00622,0.33893,6.4936,4,5.5017,3.3069,2.9004
0.00521,1.0494,5.58,16,4.0996,5.1188,2.4075
0.00622,3.0141,1.4216,4,3.6519,8.1603,4.0566
0.00892,2.9865,5.5905,9,8.3144,7.1733,3.5227
0.00254,3.9952,3.3735,15,6.0961,3.0485,5.4854
0.00521,1.1654,4.2861,2,4.9987,5.8986,7.7913
0.00622,7.6,1.5462,3,5.1993,4.9993,4.4853
0.00254,6.4453,3.9905,11,5.1063,7.4939,15.624
0.01524,0.76533,0.60513,12,5.7959,5.3854,0.77241
0.00744,1.1174,2.6469,3,15.126,7.4293,11.298
0.00521,0.38698,0.82612,16,5.3549,6.0266,9.5155
0.00305,3.0947,0.75893,12,2.7066,2.9027,11.487
0.00744,4.9512,1.6906,8,4.2463,3.8767,7.1227
0.00892,2.9398,1.1049,5,4.3124,6.188,17.398
0.00521,0.6958,1.442,9,8.6522,8.3544,8.5162
0.00521,2.9429,2.0727,15,4.8103,1.9756,2.6803
0.01524,1.5988,3.0971,15,3.7831,14.352,6.4315
0.00363,3.4204,2.3572,4,3.5456,4.4293,0.84241
0.00622,2.3426,2.9663,8,7.9504,6.6881,6.2498
0.01524,6.7719,2.3573,6,3.4819,5.5106,6.9507
0.00521,3.1895,3.4761,3,4.4585,8.8045,9.6525
0.00254,7.7877,0.95626,2,8.824,1.3493,5.2671
0.00622,1.9012,0.58508,16,4.9223,4.7025,6.3887
0.01524,0.91075,0.67107,16,8.8282,5.5157,12.18
0.00254,6.4614,0.63916,12,14.153,7.4419,14.892
0.00305,2.6168,2.9087,7,14.27,2.5879,3.7023
0.00434,7.4717,3.6178,5,4.9915,6.1112,8.977
0.00363,2.2063,3.287,9,3.8536,6.2726,6.6333
0.00254,3.8779,2.0393,12,8.4919,3.8933,6.2083
0.01524,2.9879,0.29592,5,4.1444,2.8482,4.594
0.00434,4.9991,1.2713,9,8.0759,5.3148,5.0546
0.01275,4.6403,1.0652,13,10.582,5.7721,7.0975
0.00434,6.1741,3.5663,14,3.5668,6.1844,5.6829
0.00744,1.1636,0.76465,2,6.3169,6.8775,4.5096
0.01064,1.7793,4.4995,10,3.3038,4.7947,4.6425
0.01064,3.5848,1.4294,12,6.9327,2.3354,4.0069
0.01524,5.6484,2.3631,14,2.7893,4.3527,10.548
0.00622,3.7268,6.1008,5,4.2825,3.742,4.0551
0.01064,2.0553,1.0003,7,6.0848,6.968,4.109
0.00622,0.63432,3.0043,2,13.216,7.0379,2.5832
0.00434,3.256,2.8016,4,8.878,12.878,10.979
0.00744,1.7191,0.85667,3,7.3626,5.5362,1.4976
0.00892,1.9645,1.5213,3,7.0407,2.6562,6.2352
0.01524,2.4071,0.11064,3,5.2505,7.4193,4.5862
0.00254,2.0119,3.0054,12,4.1628,4.5822,5.8425
0.00622,0.98655,1.2632,12,1.5125,10.074,4.3799
0.00622,1.712,0.43324,16,9.5414,2.9672,5.9186
0.01064,7.3814,9.5713,6,7.618,3.4018,4.8574
0.00892,2.2328,5.1244,9,1.7207,9.626,5.3404
0.01275,1.3772,1.3019,7,3.0976,1.8094,2.0119
0.00744,0.48826,7.5531,9,6.554,2.5734,1.8182
0.00521,5.7278,1.8537,12,8.8664,2.2418,2.5634
0.00363,4.3135,3.6339,8,10.391,6.8811,3.051
0.00892,1.9882,2.096,3,6.0868,5.8899,2.8797
0.00363,1.8484,0.99792,3,6.8609,4.3336,8.6128
0.00521,2.4073,3.4612,7,5.8073,3.9873,4.361
0.00622,1.1254,1.6109,13,3.8141,6.6959,1.6381
0.01064,0.59972,0.5964,9,3.6291,2.0623,1.8984
0.01064,0.38444,2.3703,14,7.279,2.2294,4.664
0.00744,3.7894,4.2295,12,9.4167,6.0216,11.624
0.01524,3.2564,2.4534,16,3.868,2.187,6.0077
0.00434,1.7559,1.4735,12,5.8606,4.6909,7.4485
0.01064,0.078544,2.4965,2,1.8458,7.3607,2.6694
0.01064,0.6944,0.44721,12,4.2431,6.0325,5.9062
0.00254,1.8508,4.9303,7,10.806,6.6143,2.2218
0.00892,10.672,2.3126,7,3.6341,5.5947,11.225
0.00622,5.6855,9.2272,8,9.4215,9.8387,6.5848
0.00305,5.4761,3.7479,4,3.1385,2.6954,1.9407
0.00305,2.9439,5.4625,13,15.779,5.8383,5.2812
0.00305,0.92738,1.4548,8,9.1332,5.5031,6.8582
0.00434,2.4674,6.6321,8,14.237,2.1661,0.89688
0.00305,1.4125,1.1269,9,2.9248,6.094,3.4341
0.00254,0.51896,2.5152,11,7.7468,8.5887,1.4478
0.00363,2.847,4.1436,10,3.964,3.3798,3.3716
0.01524,4.8036,3.0186,15,11.713,4.139,6.5539
0.00363,0.62258,1.1896,8,10.032,5.0083,0.4256
0.01524,0.43933,5.4962,2,6.8594,4.9599,6.9547
0.01064,1.5139,0.52062,14,8.9961,3.7464,3.4969
0.00892,1.2168,2.6627,14,8.4967,3.6555,6.3679
0.00622,2.1812,9.2234,6,6.2918,7.2518,5.1675
0.00521,1.8701,2.3302,16,1.364,2.8748,4.9801
0.00254,2.0812,6.3746,11,11.324,6.4068,5.3481
0.01275,0.87332,1.3777,16,11.136,4.9334,7.275
0.01275,0.91948,2.1877,16,7.4722,7.4451,4.6018
0.00892,5.6226,2.9967,2,4.8671,7.1365,5.3094
0.00363,1.8079,3.6072,2,3.8902,4.1823,5.798
0.01524,2.8149,3.5533,12,6.5243,7.1874,8.2603
0.00434,0.67069,2.7373,5,3.0238,9.9567,8.6435
0.01275,5.7204,3.509,3,6.3127,16.455,8.2231
0.00521,0.46878,0.19118,2,3.6404,11.067,3.6737
0.01275,3.1225,7.153,5,8.8698,5.0406,1.7728
0.01064,2.962,0.52398,16,15.349,9.6061,4.8796
0.01064,1.0299,5.3977,14,4.1161,4.2825,2.8198
0.00521,2.5094,0.54072,10,16.509,5.1113,4.2573
0.00305,1.2317,0.42046,2,11.281,5.0948,1.1107
0.00892,3.7652,4.595,4,10.853,7.8584,1.8095
0.00892,1.3743,0.76242,3,8.5169,4.0772,5.9509
0.00254,0.62912,4.3742,2,4.2139,13.171,14.686
0.00305,2.9996,1.9323,12,5.3672,6.065,7.3849
0.01064,1.9594,2.5448,4,15.387,1.4491,6.5344
0.00892,3.6627,0.47164,6,3.7445,1.0059,7.0522
0.00363,1.2837,0.25867,2,9.973,4.1525,5.0636
0.00363,2.0759,2.5524,14,5.2566,12.21,4.5552
0.01064,2.9907,2.0483,3,6.0612,9.3532,9.171
0.00892,3.2918,9.1747,15,8.1593,1.6005,3.5384
0.01524,7.1087,2.1655,5,4.521,5.8751,8.1662
0.01275,1.4394,1.0599,10,4.1391,6.4677,5.9952
0.00744,2.3099,6.5592,2,5.2647,2.0307,1.1499
0.00744,3.4925,1.7384,14,3.4076,2.0252,6.5989
0.00363,1.957,1.1627,5,6.9632,3.7857,9.3689
0.00622,3.0148,1.3038,11,5.9643,3.0105,9.6282
0.01275,3.5692,1.9471,3,6.7387,4.8117,4.0113
0.00744,1.1146,1.2959,10,3.7725,6.2333,6.0622
0.00744,7.8144,8.5466,8,4.2205,2.6172,5.6218
0.01064,0.56185,2.9642,16,10.614,3.2392,7.392
0.00434,3.3272,1.6262,16,8.7389,1.4493,2.1758
0.01064,4.6071,1.7811,5,7.1372,6.5107,12.284
0.00521,5.4288,0.29937,9,5.7632,5.9274,0.21393
0.00622,2.7025,10.312,2,12.366,0.29244,6.6669
0.01064,1.5534,5.7045,4,11.767,6.2122,8.5245
0.00622,6.9873,9.9728,10,10.611,2.3028,5.3436
0.01064,2.0229,5.0615,3,3.4256,6.8706,8.7546
0.01064,2.9696,3.7325,11,6.9496,4.0588,2.8279
0.00254,2.5222,1.8708,9,4.1677,6.1745,6.5971
0.00434,3.139,0.7784,5,6.7023,4.1856,5.03
0.01275,4.7714,1.102,15,6.803,5.1988,6.0416
0.00363,0.68765,1.5047,15,1.8914,4.6057,2.9681
0.00254,0.55503,1.4871,4,3.3674,3.3173,5.4843
0.00622,1.1124,1.4024,14,10.421,5.8681,2.9131
0.00305,1.243,1.4044,4,9.4077,4.0136,4.0538
0.00521,3.4956,2.4979,4,5.2201,3.4759,1.9915
0.00254,0.82471,0.35826,9,6.1723,6.5861,7.3227
0.00744,2.3112,7.6771,7,10.606,10.308,2.6011
0.00434,3.8276,3.141,15,2.9763,4.8964,7.6075
0.00254,2.8432,0.82888,6,4.0634,1.6117,1.0016
0.00892,1.3439,2.3707,5,8.7377,2.9905,3.6415
0.00622,1.1678,0.81245,3,8.6087,7.4972,7.0465
0.00305,4.182,1.7875,5,9.1496,5.2133,6.6804
0.01064,3.471,3.4847,3,5.4031,8.6677,3.2052
0.01275,3.2099,6.3766,16,6.671,1.701,1.8057
0.00305,2.723,2.7822,10,2.7422,3.3692,7.4782
0.01524,1.0694,0.82577,11,6.191,15.154,7.2586
0.00305,3.7507,4.023,9,4.8653,4.1736,3.6847
0.01524,3.4652,1.9019,8,8.3928,2.7904,3.9022
0.01524,1.2214,1.6851,9,4.8,2.5944,4.0147
0.01275,1.2169,3.5784,8,6.7425,8.0237,5.979
0.00434,2.3219,0.68175,16,16.904,2.425,8.0873
0.01524,2.9282,6.3508,5,7.5605,2.0016,5.9894
0.00305,6.0189,5.0839,3,4.0873,5.1177,3.5734
0.00363,2.1868,2.7523,6,6.9247,5.2038,5.353
0.00254,0.55901,0.18838,3,5.9785,3.5916,10.634
0.00363,6.2437,6.1565,5,3.6657,2.6295,5.7003
0.01064,0.62711,0.53244,14,4.6523,5.8469,6.3894
0.00254,0.70453,0.39812,12,8.0501,9.2778,2.906
0.00622,3.1556,3.8539,14,4.5522,6.8064,8.9026
0.00521,5.4655,3.5606,14,9.5473,4.1571,6.632
0.00434,0.31617,1.6792,11,6.4148,2.0217,6.3679
0.01275,8.0551,6.5839,2,4.9686,5.713,4.8345
0.00622,1.9051,8.3015,2,4.948,1.5705,3.3174
0.00305,2.6229,1.7359,12,5.4539,4.3675,10.429
0.01524,5.6358,3.8529,6,2.3455,3.2557,3.6549
0.00363,3.2814,0.69293,13,7.9926,1.259,4.7219
0.00521,1.5019,0.55638,13,2.2907,3.816,11.999
0.00622,1.827,0.46441,9,8.0305,5.4952,2.702
0.00892,0.53782,0.45905,10,6.3614,2.4668,6.0301
0.00434,3.4436,1.1607,3,4.2907,5.5837,9.1172
0.00305,3.3505,1.3518,2,8.3534,5.8556,2.3853
0.00744,1.1429,2.3993,11,1.2091,7.5948,4.692
0.00744,3.7971,6.5146,6,5.6986,8.8652,7.8414
0.01064,2.7536,4.644,4,6.6422,5.748,3.888
0.01275,1.0626,0.63581,13,11.459,5.6701,7.7955
0.01524,1.8598,2.0684,10,2.4976,8.3794,5.9745
0.00363,4.7621,1.3833,4,12.812,3.261,10.773
0.00363,1.7226,4.2151,4,3.3427,1.994,3.7849
0.00434,0.25969,1.5557,5,8.2225,9.887,5.7326
0.00363,2.5601,5.2255,4,13.599,4.4359,5.0994
0.00363,4.2002,5.8852,13,10.207,8.2378,8.0929
0.00744,0.40218,0.60781,11,3.8807,2.0658,1.4146
0.00744,0.46486,1.0695,3,3.2817,10.147,10.473
0.00744,2.0649,1.9169,4,2.2653,5.4157,6.4654
0.00622,2.9562,5.3787,10,5.9344,5.6602,2.2899
0.01064,7.4002,1.8091,7,13.809,2.3886,2.9095
0.00521,2.6118,1.2022,8,6.7095,7.6555,8.343
0.00363,4.1687,0.19825,5,7.7826,3.6254,2.9545
0.00892,3.8782,1.6292,11,8.4181,5.397,5.1083
0.00622,5.1025,5.3762,6,3.0436,6.4424,5.7578
0.00254,2.4984,1.1078,2,6.9798,2.6498,1.9523
0.00521,4.3055,1.6884,15,5.2785,5.4936,9.8035
0.01275,3.031,2.2152,10,8.0907,9.8475,11.885
0.00892,2.6844,2.1634,7,2.6494,9.8621,7.2474
0.00622,0.62629,0.54287,11,2.8434,6.5181,5.6901
0.00622,2.6702,10.174,3,3.7881,4.5146,6.2335
0.00305,0.43526,1.7034,11,4.2535,2.3229,4.4065
0.01275,4.8846,7.7935,9,8.1523,2.9795,3.1326
0.00744,0.36225,3.5252,3,5.4104,5.5855,2.7264
0.01064,4.7034,2.5944,11,18.17,5.0642,3.5995
0.00622,4.7068,2.6892,9,12.763,6.2218,14.183
0.00622,0.67718,0.25957,9,3.0319,2.7882,5.6664
0.00254,4.4,1.2497,10,4.1574,4.9203,8.4162
0.00434,1.9772,3.175,12,10.096,3.8566,7.1982
0.00744,2.0432,1.3019,6,6.1166,8.2412,5.6877
0.00622,8.2544,3.0092,7,6.9862,4.6231,10.962
0.01275,4.5661,1.5313,15,4.2758,1.4844,3.4785
0.00892,2.0013,2.4021,9,9.8311,10.939,3.5193
0.01064,2.1307,0.82742,7,7.0689,6.7489,9.0573
0.00254,3.9309,1.2934,7,5.3042,5.3453,6.7845
0.01275,6.0832,1.4722,10,3.9109,3.3183,3.1702
0.00744,0.81671,3.3386,12,5.9429,2.1651,3.3595
0.01275,1.9534,1.5637,16,9.3856,3.9491,5.2595
0.00363,7.7223,4.7792,11,10.361,2.594,3.1747
0.00305,0.46739,5.4768,14,2.2634,6.6759,0.12562
0.00622,8.3856,1.6935,12,13.103,7.0934,8.7446
0.00305,1.7849,2.4938,9,7.5687,2.3842,1.1499
0.00744,5.653,5.4462,5,2.7425,5.0771,6.3998
0.00622,2.6798,4.1871,12,11.623,7.0234,3.8029
0.00521,1.9516,1.6343,9,6.6937,4.5072,14.034
0.01275,3.6508,4.7621,8,5.9014,7.3717,2.5706
0.00892,0.55208,1.2884,6,5.7276,3.5149,1.1973
0.00434,2.695,2.1321,14,4.3791,5.0058,6.8701
0.00744,2.7748,2.287,8,3.8037,1.981,4.586
0.00434,1.5809,1.1962,6,7.8057,8.9624,2.6379
0.01275,0.27129,1.465,12,8.2503,1.8021,1.4073
0.01275,4.5227,3.7391,6,10.009,8.5688,4.5079
0.01064,0.084355,0.1261,7,8.7414,5.8338,9.0118
0.00305,5.3262,1.083,8,8.4095,3.6682,9.3811
0.01524,2.7983,7.074,9,13.331,6.7231,4.4357
0.00892,1.3955,2.0664,10,2.3666,4.2571,7.3989
0.01275,5.6653,4.3014,12,2.4878,4.8951,6.202
0.00434,4.2287,6.7877,2,3.9874,5.1936,4.4974
0.01275,1.0989,5.8595,15,3.2692,5.9376,0.98281
0.00892,0.41181,0.45439,13,11.685,2.9973,4.2559
0.01524,1.6496,1.1468,4,5.9499,4.8197,3.6931
0.00434,2.8285,3.8636,4,9.5013,8.0516,2.7416
0.00254,2.8039,2.023,15,2.6269,3.2555,3.3227
0.01064,0.38841,0.43641,2,4.0257,8.1014,5.6886
0.00521,2.0195,1.9079,10,6.9368,2.6188,2.5053
0.00521,4.1074,3.2661,4,7.0306,10.874,3.2436
0.00622,6.1365,3.0389,12,9.5575,8.6437,13.434
0.00892,1.3601,2.3548,6,4.6221,4.9744,5.3001
0.00744,1.3717,1.4347,8,13.183,3.274,4.7387
0.00363,2.5351,3.3723,6,4.2935,4.1291,1.7551
0.00434,0.86961,5.2173,7,3.9538,6.1228,2.3091
0.00892,0.50373,0.62298,16,6.1883,7.0018,9.441
0.00305,2.371,1.3167,4,12.41,7.9209,13.69
0.00744,0.81619,1.1569,3,3.6895,3.4933,4.5937
0.01064,0.65107,0.70261,16,14.545,4.9534,2.8963
0.00521,2.6472,2.8849,12,5.8764,1.2209,1.2102
0.01064,3.4281,7.805,8,7.1607,4.8856,1.8718
0.00622,1.4475,2.136,2,5.7134,9.0355,3.673
0.01275,4.1034,3.3379,9,5.6344,5.9093,5.4291
0.00622,5.7105,1.0706,3,4.0346,8.1965,7.1417
0.01275,0.18173,0.59327,14,7.1191,4.4745,10.869
0.00521,1.1399,3.4899,10,6.2082,13.372,4.3094
0.00254,3.3925,0.48881,2,3.4858,1.6067,2.776
0.00305,2.3979,7.6129,11,5.1204,9.5394,4.5484
0.00254,4.4444,1.8366,5,8.8764,3.6308,7.8235
0.00434,5.3303,6.4324,16,3.4696,10.723,9.344
0.00434,4.3373,5.3311,14,6.4394,4.8601,7.2874
0.01524,2.8669,1.6798,11,13.885,2.5077,9.0891
0.01275,1.1704,0.91875,15,3.7815,8.4145,10.719
0.00434,0.26374,0.88566,4,7.5983,2.5367,4.7704
0.01524,0.36643,1.8076,11,13.378,4.6147,4.831
0.00744,0.61518,0.99948,12,9.6024,2.5982,3.1562
0.00434,3.6328,1.9625,16,7.5581,4.0708,5.1855
0.00744,2.1558,0.79713,16,3.3798,3.9207,5.9833
0.00305,3.4774,2.501,4,3.7803,1.6795,10.396
0.00744,1.432,15.079,12,2.5003,5.6949,2.3724
0.01275,1.7474,2.1761,9,4.2347,3.5618,6.7666
0.00892,2.8975,4.0246,11,9.5911,7.9058,5.3614
0.00363,2.975,3.5995,4,12.84,6.4593,2.2229
0.00622,4.0372,3.4098,15,4.9356,2.3091,6.941
0.00434,2.9226,4.9635,14,1.895,4.02,4.4894
0.00434,2.3071,8.4535,7,2.8346,6.0147,2.1613
0.00363,1.1081,3.2003,13,5.7076,4.3728,2.3676
0.00363,3.9882,0.43302,2,6.7559,7.166,4.1321
0.00254,3.541,3.2055,2,5.7537,3.4772,4.7218
0.01064,7.3856,4.452,8,9.0141,5.7325,7.9289
0.00744,1.6523,2.0412,14,5.2228,2.8001,5.4286
0.00254,3.9096,3.5799,5,13.143,7.9966,5.0462
0.01064,0.79489,4.0815,15,17.509,5.0571,4.8609
0.00254,3.9837,1.6003,3,3.051,2.0538,1.6211
0.01524,0.98187,3.4851,4,1.4992,2.0953,6.8564
0.00892,7.092,5.9112,3,4.2091,7.6176,7.3381
0.00305,1.625,3.7429,10,7.0814,4.6085,2.4837
0.00254,0.69798,0.21041,14,5.0006,3.428,4.7251
0.00254,0.96404,2.0352,2,8.2247,27.357,6.025
0.01275,0.1875,1.7941,8,5.4811,2.0396,3.4977
0.00892,1.1672,2.0286,16,4.975,7.5404,3.1363
0.01524,4.4786,4.5572,15,5.921,1.8276,2.8918
0.01064,2.8402,5.6397,14,8.6174,6.4921,2.4896
0.00254,3.4308,6.2929,12,5.7718,5.481,5.4309
0.01275,2.9216,5.4483,16,3.9911,8.2661,2.9024
0.00305,4.7803,2.0887,10,2.5042,4.1408,4.3852
0.00434,4.3838,2.4087,3,3.0517,8.0009,3.6015
0.00892,2.5075,0.78886,11,9.6384,2.628,5.2617
0.00305,2.6452,5.5823,2,2.7521,1.9886,3.5667
0.00622,2.4701,2.7929,4,11.561,2.1656,2.2859
0.00622,2.9065,1.4406,12,3.4826,5.2779,5.8514
0.01275,8.9386,1.4378,4,3.4607,9.3249,8.4428
0.00521,3.7382,4.3074,16,5.5913,3.0612,6.6796
0.00521,3.546,1.9701,13,8.8576,2.0509,4.5053
0.00305,2.5028,2.5253,15,4.4547,7.6983,9.2354
0.00305,0.51492,3.386,15,2.7618,5.8152,0.79208
0.00305,0.75847,8.7178,4,5.6761,4.3334,3.6359
0.00434,1.0118,14.32,2,3.118,7.6132,3.1777
0.00254,0.83675,1.2969,9,3.4314,3.8879,4.4332
0.01064,1.6158,3.7435,3,4.1705,4.5478,4.3336
0.01524,2.3019,1.3555,6,13.185,10.69,2.5079
0.00892,1.7931,2.5142,12,5.8643,3.8695,5.2481
0.00434,1.5665,4.6685,5,10.674,1.2489,3.079
0.00305,4.6917,1.6682,7,6.5313,7.6114,5.7045
0.00892,4.0096,1.7877,7,7.2019,1.8139,8.3349
0.00521,3.0668,2.2534,3,17.673,9.8833,10.398
0.01064,2.8857,1.0928,4,4.9544,6.6138,7.4083
0.00521,4.4382,12.042,11,8.1,5.0775,7.0894
0.00892,2.7636,3.6186,11,12.099,6.999,5.4583
0.00434,1.3307,2.0975,8,4.6179,10.162,7.7061
0.00892,3.0489,3.7906,13,7.772,7.8307,3.021
0.00744,2.8095,6.4477,5,5.9056,3.7037,4.4846
0.00305,2.1036,3.4779,11,7.7921,5.285,8.2593
0.01064,2.428,9.3751,3,3.5662,4.5733,5.5424
0.01275,1.1457,1.003,4,15.58,5.9838,7.1288
0.00892,2.7368,7.1757,3,3.7174,3.1492,5.9264
0.00305,2.9145,2.6593,5,6.3111,6.8729,0.86907
0.00744,0.72038,1.8917,10,8.6243,13.088,6.0792
0.00363,0.81695,0.6989,7,7.0352,7.2269,11.188
0.00434,4.6563,1.3026,2,11.562,4.1507,4.3982
0.00622,2.714,2.5183,4,3.1969,3.3339,7.4255
0.01275,3.2263,0.95272,14,1.385,2.9798,8.8121
0.00521,2.4296,7.536,4,7.9215,3.1806,6.289
0.00254,2.7393,5.2784,12,3.6732,5.0326,5.6537
0.00363,0.14777,0.75156,12,5.5955,4.3314,11.994
0.00305,5.3801,1.9084,8,6.1922,5.2408,3.7756
0.00305,0.60789,0.94776,7,4.4531,6.7288,3.9884
0.01275,10.807,3.584,7,19.764,2.7192,11.09
0.01064,1.0571,1.5825,15,1.885,2.7652,2.5594
0.00363,4.6284,1.6254,2,6.2838,5.7847,5.1575
0.00622,1.5365,1.8325,14,3.6149,5.1129,13.664
0.01275,10.294,1.7991,3,3.8992,6.9538,4.8486
0.01275,0.83544,2.326,7,10.426,4.6508,4.3449
0.01275,0.60265,5.4012,11,5.1379,7.2486,3.7426
0.00622,2.2858,3.1038,10,8.522,11.676,4.293
0.00434,2.0612,2.0585,15,6.6447,3.0544,11.037
0.01064,2.5939,0.34904,4,8.4986,3.8052,5.8256
0.01064,1.7654,2.499,8,3.2829,5.9333,3.1658
0.00254,1.0509,2.1625,9,4.8872,12.37,2.5152
0.00744,1.8336,1.363,9,5.8705,6.4692,10.069
0.01064,1.492,1.1968,2,2.1483,9.5083,8.524
0.00434,3.8823,5.3701,8,3.0719,2.5707,2.0877
0.00521,0.50255,4.0566,3,6.1086,4.164,2.723
0.00521,1.6048,1.1945,15,5.4784,5.2366,7.4663
0.01524,1.7422,1.6709,14,8.5116,3.1,9.3121
0.01064,1.1213,1.9958,16,6.2249,2.0066,6.6832
0.01524,2.4722,3.3551,12,8.9701,1.932,2.706
0.01275,1.4937,1.0729,5,3.9819,9.954,1.9689
0.00434,1.9462,1.6357,6,10.08,2.0044,5.5633
0.00892,5.5085,2.7125,13,1.2315,4.3242,6.5096
0.01064,7.7318,1.643,13,5.2018,3.708,8.1935
0.00744,2.0208,9.1763,3,2.3844,5.5608,0.832
0.01275,3.0675,1.8878,14,7.9179,2.6458,2.961
0.00892,0.56928,1.062,3,1.9993,5.7579,6.4886
0.00434,1.2454,3.0572,10,3.7354,9.1217,8.0628
0.01275,2.6248,11.696,2,7.8148,3.9769,7.856
0.00892,2.1929,2.7789,2,8.7762,3.9807,3.3188
0.00254,3.7762,2.4738,13,4.9559,3.1155,3.8757
0.00622,3.0949,5.1646,15,9.2576,6.3621,3.9829
0.00254,6.3897,2.2477,2,4.635,4.4303,5.2912
0.00305,2.0513,4.4773,10,4.9191,7.0504,2.9421
0.00521,8.9777,2.0458,3,1.4934,3.9623,1.4121
0.00254,1.7698,4.3104,12,5.0256,12.447,7.5836
0.00363,3.9689,3.3805,2,4.1213,10.449,4.5089
0.00521,3.5315,2.6236,7,4.2565,5.8661,4.2278
0.00254,1.1856,1.525,8,7.1549,11.011,6.7936
0.00892,1.5385,5.4938,5,1.874,6.9013,4.3982
0.00305,0.90415,0.97229,9,3.3113,4.2521,2.9255
0.00521,3.4769,0.21354,3,3.4144,10.791,8.5588
0.00892,4.6982,2.2149,13,8.5012,5.0243,7.7615
0.00254,1.766,4.5383,12,5.7035,6.2494,7.9954
0.00622,1.0787,1.0807,11,2.7114,1.1814,6.1751
0.00892,3.2751,1.2919,10,3.8797,3.7816,4.0501
0.00363,2.5685,3.7191,3,9.9523,10.262,3.8446
0.00434,1.2881,2.0692,8,12.246,5.8331,4.2819
0.00892,4.3925,3.4989,12,4.9445,5.1918,4.2556
0.01275,0.89334,0.77167,6,2.4373,8.8717,6.7409
0.00434,0.71913,0.56679,8,7.6536,2.8721,4.1093
0.01275,1.9546,1.7806,12,7.2681,10.818,4.652
0.00892,9.3145,1.4057,4,5.4714,4.0353,4.8523
0.01275,4.9722,2.7189,10,6.6781,2.0534,6.902
0.01524,3.0653,1.109,12,4.4923,5.3258,4.1827
0.01524,2.3903,3.9568,16,3.7267,2.4142,4.1006
0.01275,1.4415,3.2846,11,4.5348,7.6808,5.6716
0.00892,2.3421,1.8156,13,13.802,1.1111,4.342
0.00434,1.2548,1.1199,9,6.9062,5.7155,6.7591
0.00892,2.364,5.7838,5,3.9215,7.6847,8.4797
0.01524,1.1032,2.0752,2,7.335,6.512,4.7552
0.00892,0.60552,2.2315,9,7.8635,2.8894,3.8887
0.00434,3.2094,6.5969,4,11.104,6.2246,8.4309
0.00744,0.63478,1.8203,8,4.2465,6.4359,6.3555
0.00434,3.4781,1.9285,3,8.0274,11.166,3.5355
0.00521,1.9288,3.3714,3,9.5494,2.3889,3.2143
0.00363,3.4972,2.0577,5,3.0717,5.1004,8.5457
0.00305,3.1164,1.7831,4,6.4758,10.037,6.643
0.01275,11.675,6.5666,5,4.2106,5.0664,10.03
0.00434,2.0438,3.4468,16,16.437,8.1363,6.3666
0.00744,1.2995,1.1147,7,5.5141,3.7348,3.6826
0.01064,1.3585,1.2019,6,5.6026,1.4801,3.9007
0.01275,2.0651,1.6035,4,10.584,4.7439,2.5096
0.00305,2.1327,0.78267,12,1.9061,1.1018,3.8637
0.00744,3.8872,1.5476,4,23.81,3.5356,3.9498
0.00744,4.5543,5.0735,3,8.2066,6.3542,10.526
0.01524,4.1516,2.3828,6,5.2506,4.8327,6.9613
0.01524,0.82,9.9373,15,7.1707,5.2957,2.6305
0.00434,4.3639,4.8089,4,7.9953,2.0224,7.2895
0.01275,0.81286,3.4287,8,3.6137,12.862,1.772
0.00622,9.524,1.2963,10,6.0562,1.1187,4.106
0.01064,1.6634,1.9299,4,11.946,2.9553,3.931
0.00305,1.8615,0.41926,13,7.124,4.6691,1.3204
0.00622,2.6556,4.9299,11,5.4812,4.8198,2.2971
0.00622,1.1999,0.31121,7,7.2836,3.712,2.6096
0.00622,2.5472,3.3638,7,7.8149,9.2268,6.9086
0.00434,9.5783,6.1232,4,7.787,7.9792,2.6544
0.00622,7.2378,0.92202,16,10.59,2.839,5.969
0.00892,1.5444,5.9253,11,22.675,3.6737,5.2811
0.01275,3.4753,2.252,4,1.5185,4.8129,4.5846
0.00254,1.8775,3.1348,7,11.886,1.9055,0.9704
0.01275,0.21107,0.31769,12,2.1202,6.9743,4.0771
0.00521,2.6222,4.4521,10,5.2452,7.4194,1.8029
0.00622,9.1443,5.1795,3,10.773,7.9031,2.6424
0.00744,6.5954,1.5181,13,10.652,2.8297,6.1263
0.00892,1.0353,2.4652,6,2.9639,5.136,2.2446
0.00744,0.90136,0.80612,8,17.595,8.4953,5.6404
0.00744,1.1195,2.0675,15,11.844,7.0489,4.4649
0.01064,1.2628,3.3668,10,3.9026,5.591,6.6729
0.00254,1.1014,0.7341,16,6.3551,4.8854,13.65
0.00254,4.6336,1.125,16,2.2548,4.1259,7.6835
0.01524,2.0128,0.66031,11,6.5806,4.1173,8.3007
0.00434,5.6579,9.1996,4,6.3802,3.4255,4.9155
0.00434,1.0032,4.5019,8,8.726,1.6082,2.9144
0.00892,1.6219,0.2045,10,8.4494,4.6997,1.2313
0.00892,3.6528,2.9561,15,14.068,4.7956,2.881
0.00892,2.4431,0.80187,14,10.474,2.8,11.302
0.00254,0.62203,1.1478,13,7.1203,1.4407,7.3644
0.01064,4.3899,2.4092,12,4.5035,4.3909,2.4708
0.00305,2.293,1.8875,13,2.6162,10.283,5.0553
0.01275,1.0292,3.6979,2,5.077,8.8318,4.7265
0.00363,0.82574,0.83584,6,2.8934,5.4906,2.9219
0.01064,3.4315,6.688,9,8.0664,5.4908,5.9296
0.01064,2.4222,3.4738,7,5.0447,0.79221,3.5707
0.01064,1.895,2.2271,10,4.0252,6.5525,4.7037
0.00305,1.7856,5.2738,10,4.2292,12.843,5.6368
0.00254,0.36395,0.51298,6,3.736,2.6799,3.5085
0.00744,2.4639,2.4698,16,1.2168,3.8302,5.1207
0.00363,1.6324,0.54036,12,4.1154,3.69,6.2191
0.00305,0.26773,1.3395,5,7.1357,3.7758,7.6457
0.00434,1.1094,4.6452,7,9.8769,2.8325,3.7021
0.01064,0.87526,2.0516,5,1.6325,14.202,3.6787
0.00521,2.186,3.4597,3,4.1304,1.8872,3.718
0.01524,4.2291,0.95898,16,7.5081,0.77454,4.2223
0.00744,1.7282,1.0028,6,7.9479,7.0868,5.674
0.00305,1.1492,1.0717,6,6.3878,5.7069,8.9323
0.00305,1.7369,1.1264,16,4.7541,10.436,2.9472
0.01524,3.0163,0.71644,3,2.8704,3.6303,5.7459
0.00363,1.9033,2.6935,7,5.2258,7.323,7.4252
0.00254,3.2638,1.2284,9,7.8228,4.5719,15.483
0.00363,2.17,1.0755,13,5.2169,6.5303,5.7872
0.00363,8.8511,0.76551,10,5.7158,2.8872,8.864
0.00305,2.011,1.9023,7,7.3485,2.7427,3.1174
0.00434,2.6978,3.3498,6,5.4651,2.1761,4.7158
0.00622,4.0706,10.19,7,3.3886,5.6324,6.1269
0.00744,6.6292,5.6778,8,6.0292,12.034,10.555
0.00622,1.2036,5.0367,16,9.4333,5.8428,4.4852
0.00744,1.5069,2.3654,6,1.422,9.7603,2.3863
0.01064,0.43255,3.9778,8,3.0344,5.5207,3.51
0.00363,4.0646,0.77706,12,13.845,7.2556,7.4599
0.00744,3.369,7.2631,2,6.6924,10.073,3.8721
0.00434,0.66236,4.9167,11,7.7834,3.2121,2.9194
0.00254,1.9177,6.6184,2,6.1458,3.9443,5.1082
0.00892,1.9065,1.422,7,6.0492,5.9063,3.6474
0.01524,8.8401,6.5381,5,2.3217,3.7263,5.8822
0.00622,7.0245,8.3739,11,6.6204,6.7822,4.8328
0.01524,2.8371,1.1669,3,5.8704,3.533,6.911
0.00434,0.93108,4.266,16,4.3723,3.9497,3.3605
0.00744,2.8803,1.9188,9,3.3082,5.8661,9.7892
0.00254,7.0037,2.8245,6,11.075,6.0065,5.2732
0.01275,4.0545,2.272,3,1.8037,7.4803,2.1419
0.00434,5.4537,0.55533,8,7.942,2.2774,1.0266
0.00892,1.9374,3.0574,8,10.929,10.882,9.6966
0.00363,1.7975,1.9674,5,3.5987,7.0616,2.2733
0.00521,4.0851,2.3407,3,7.5839,3.4528,5.0854
0.01064,0.28545,0.64882,4,6.2649,5.2763,7.0164
0.00521,2.2963,4.0726,7,3.7061,6.3458,6.3898
0.00434,0.9507,2.7408,11,4.9625,9.1716,2.4634
0.00744,5.9301,4.7908,13,7.3346,6.6877,3.7378
0.00305,3.6563,3.44,3,1.4679,11.096,4.6802
0.00744,6.3249,1.6295,16,10.609,4.8892,2.5747
0.00305,3.4967,3.049,12,9.3606,4.1004,7.2723
0.01064,0.33858,0.28532,3,5.8702,3.2538,5.6599
0.01064,2.6787,3.8393,12,4.5467,7.7278,7.169
0.00254,1.5147,1.7945,14,2.558,7.2061,10.269
0.00254,2.6833,1.0393,8,1.9411,4.6916,5.1974
0.01524,2.3059,13.78,3,3.8781,5.5423,4.2309
0.01275,2.8467,2.5914,8,8.1103,5.2766,3.1473
0.01064,9.5783,3.5456,16,6.9981,2.1589,5.3199
0.00254,1.1157,0.22912,4,6.3199,0.89812,4.7613
0.00363,1.9305,3.8585,2,8.8418,4.529,2.2368
0.01524,2.2162,2.1411,7,5.5778,5.0145,6.8897
0.00521,3.241,2.9482,5,9.7305,8.2016,4.9411
0.00363,2.9053,7.0775,3,9.8961,8.2215,1.745
0.00363,1.254,3.4558,2,4.4516,4.646,3.9044
0.00892,1.9591,3.9097,16,7.4133,6.2767,5.3245
0.00622,1.7805,2.878,15,6.9176,5.0939,5.3214
0.00363,2.3842,0.76749,10,2.349,3.8812,9.1132
0.00434,0.59847,3.1194,7,3.5775,14.74,2.6469
0.00363,1.9133,4.132,5,16.99,5.2718,6.9788
0.00254,1.2954,3.6589,2,17.318,2.1157,6.0005
0.00363,3.435,0.72719,6,15.267,8.9038,5.4871
0.00254,0.73618,1.4482,10,3.5915,5.7155,6.7096
0.00892,3.3831,3.2283,15,11.985,2.8844,6.9793
0.00254,1.2733,2.1372,16,7.1436,11.18,3.3369
0.01275,4.9292,2.2948,2,4.5598,4.3784,2.9652
0.00892,2.2354,12.289,8,7.744,2.6551,3.4104
0.00892,1.6633,5.669,11,3.9849,4.1642,3.6794
0.01064,1.2698,2.5601,2,1.5125,4.5599,8.2035
0.01275,2.6934,3.3234,16,3.3365,4.9241,1.9266
0.00892,5.4814,3.2215,16,5.8041,4.1185,3.7858
0.00744,2.4843,2.4131,2,10.555,1.4149,3.9297
0.00521,6.7812,1.7049,2,4.6711,5.8149,11.281
0.01275,3.1917,3.0167,14,9.2134,2.1302,3.4014
0.01524,4.2249,0.68095,9,4.2011,3.5892,9.5854
0.01275,0.9592,2.1202,6,9.2313,4.9529,11.326
0.00305,1.4923,1.6276,4,15.991,9.1854,0.73612
0.01064,2.8228,0.91657,16,6.6125,2.4511,2.6099
0.00434,2.5354,0.73646,7,13.64,10.32,1.7398
0.00744,3.1935,2.2939,9,5.8135,1.8547,9.8026
0.00254,2.9164,4.7271,10,11.035,7.0988,3.9981
0.00521,3.2919,2.9913,2,5.2122,2.6452,1.7046
0.00254,2.4382,1.9503,12,12.307,1.3496,2.7436
0.00363,0.98659,3.1094,11,14.778,0.57807,14.239
0.00521,7.4695,2.645,2,4.108,9.1067,9.6741
0.00892,5.7875,0.40242,3,7.0042,12.471,8.6664
0.00892,0.78765,0.5813,10,4.1242,1.2758,6.7381
0.01064,1.8428,0.90792,3,6.4008,4.1272,6.7994
0.00744,0.23865,3.1088,5,6.8988,6.1567,3.3568
0.00892,1.7341,3.0871,4,3.8283,5.7196,4.4398
0.01064,3.0011,1.6605,2,8.1071,3.7726,5.8469
0.01524,8.6261,6.0446,2,6.3344,4.8984,6.3103
0.00254,3.425,2.9444,5,3.6908,2.037,6.3661
0.01524,2.107,4.071,2,9.1516,4.3028,11.802
0.01524,2.5673,3.6852,13,5.5412,4.9404,8.1467
0.00892,4.5534,3.387,8,9.7561,5.5672,5.9092
0.01064,4.9461,4.5611,16,8.6567,3.1992,6.378
0.00892,0.66938,4.7206,4,6.0935,5.993,6.4898
0.01524,1.6215,2.2012,8,9.07,4.8573,3.1002
0.01524,1.7556,5.649,10,11.838,5.5292,9.2381
0.00744,2.4372,4.3408,12,11.112,5.077,6.7947
0.00622,4.4173,5.4357,14,6.4274,6.2333,2.1199
0.00363,0.67305,3.4147,16,2.7191,11.235,3.2663
0.00892,0.8388,2.5952,4,7.7467,6.2366,7.8356
0.00305,1.3049,0.51965,9,6.6131,8.712,10.17
0.00363,0.8724,3.0858,16,4.5229,3.4732,4.8938
0.00363,6.1684,2.9652,16,3.7515,2.1,1.8162
0.00254,1.5252,1.8548,4,5.4603,6.3844,6.9465
0.00622,5.4348,3.6334,7,9.4072,7.2929,3.6642
0.00892,3.3513,3.4058,12,9.8346,8.7718,8.1617
0.00521,2.2106,4.0604,11,2.9959,5.1656,5.5639
0.00744,7.4494,4.0717,9,5.0856,3.9574,5.0583
0.01275,9.3367,4.0152,9,10.224,6.6479,4.4938
0.00892,2.7699,7.7629,8,7.314,6.4162,4.134
0.00521,0.79728,0.79628,7,5.0771,9.0555,3.6221
0.00305,1.9684,2.9259,6,6.1438,4.4442,2.1092
0.00622,2.1022,1.8798,5,4.2522,2.6315,14.338
0.00305,1.9511,1.719,2,3.3901,8.3253,8.803
0.00254,3.9406,1.1643,5,11.527,2.735,9.1965
0.01524,4.5038,2.8462,9,6.1108,6.2154,4.4344
0.00744,4.1325,2.6475,13,10.301,8.4782,1.1678
0.01524,5.2971,1.8263,15,4.207,4.7586,6.6126
0.00892,1.0656,5.4008,8,1.739,6.9889,4.0277
0.00521,3.7614,7.2436,8,7.6345,10.782,4.9161
0.01275,2.8888,3.5409,11,7.8704,6.7298,3.0108
0.00305,0.81857,0.74625,8,8.4645,2.9685,1.533
0.00363,2.7557,3.3706,12,1.415,7.2657,4.7108
0.00254,1.6453,3.1578,10,1.5727,5.925,5.2179
0.00254,2.6364,1.1184,16,7.1672,4.081,8.3308
0.00254,0.34241,0.3049,6,12.355,4.7384,5.272
0.00434,1.0188,2.7164,12,3.2682,11.353,5.3334
0.00363,2.0392,1.4815,5,11.148,5.9493,10.623
0.00305,5.4883,2.6032,3,9.0694,11.201,7.6645
0.00892,4.306,1.8788,12,16.772,6.5912,3.4903
0.01524,1.3221,2.2646,4,6.1843,4.0399,4.528
0.00622,2.1871,1.4788,4,12.909,2.6944,4.4601
0.00363,4.4059,3.5734,2,2.3201,3.1039,10.517
0.00305,1.9623,1.4305,7,5.3435,5.1923,5.8641
0.00622,1.2312,1.3553,13,2.401,7.2439,4.4837
0.00363,4.9672,1.9625,12,7.4225,4.2702,6.7269
0.00305,1.1815,2.3645,10,8.9988,3.1649,3.9582
0.01275,1.3204,0.69265,4,9.4168,2.9198,3.3267
0.00622,1.7427,3.2255,12,6.151,4.1285,2.5258
0.00744,3.615,1.939,16,8.9565,9.1132,4.5579
0.00363,2.3069,0.63884,14,7.012,4.5344,1.4637
0.00521,4.1649,0.36999,8,15.815,1.6037,8.9922
0.00434,1.4468,10.084,8,4.6228,2.7539,0.3801
0.00254,1.5588,5.4069,14,7.8664,4.7731,5.2692
0.00254,2.6596,2.9496,2,2.9579,9.2158,4.6148
0.00363,0.85964,5.8875,4,12.391,5.1832,8.9062
0.00622,7.4823,6.7326,4,7.0673,5.0371,16.995
0.00892,6.1368,1.7949,7,7.191,7.1957,7.1972
0.01064,1.9603,3.0848,8,4.4459,3.2238,3.7693
0.01275,0.93723,2.3192,13,9.9145,8.154,5.9788
0.00254,2.3798,2.885,11,5.9525,6.419,4.0781
0.00521,0.96836,4.1014,11,6.1829,2.8109,1.6087
0.00363,3.5703,2.1614,9,6.4177,7.3729,6.3692
0.00521,3.4089,0.64742,5,6.5956,1.2292,6.0653
0.01064,6.2561,2.1167,4,3.6406,3.5386,6.2939
0.00892,1.6132,4.4868,10,7.034,2.9122,4.5593
0.00892,4.3922,6.7384,2,6.6222,6.2782,2.4213
0.00305,1.1112,0.29738,14,7.3341,6.5808,3.4125
0.01275,1.6141,0.66009,2,9.787,1.5429,4.3106
0.01064,1.6402,0.77685,3,7.2738,5.5031,9.651
0.00434,4.9412,2.7928,3,7.2118,9.8437,4.7489
0.01524,4.8534,7.2667,2,6.4543,5.4736,5.4227
0.01275,3.1115,2.2682,11,4.9131,3.505,2.9609
0.00434,0.89507,3.8539,16,5.216,8.0904,3.7449
0.01524,1.2343,1.4595,11,2.284,6.507,5.8042
0.01275,1.1806,1.4127,7,11.791,4.8972,6.4247
0.00744,4.9381,1.5655,16,3.7686,8.8665,13.72
0.00434,0.83627,6.3844,3,7.5119,9.4822,3.4371
0.01524,0.84223,7.8711,5,6.5783,5.7639,3.0212
0.00305,0.25726,2.129,2,4.6449,4.3434,3.5993
0.00363,4.1952,0.65983,3,2.3871,7.4361,8.0677
0.00622,3.6223,0.43656,2,7.5673,12.385,5.0558
0.00254,1.4404,1.0182,7,5.3114,9.115,2.1701
0.00892,1.9438,1.0547,2,5.5378,0.93768,6.3257
0.00254,8.5317,3.0791,15,6.179,5.5316,8.7877
0.00305,1.5717,0.86105,16,5.8557,7.3603,2.3829
0.00521,1.3803,1.6327,12,10.521,13.428,5.6798
0.00744,1.5081,2.8562,16,4.422,7.2148,4.4806
0.00622,1.8288,1.349,7,3.2211,5.8333,4.4237
0.01524,0.50961,0.97488,2,6.6988,6.9332,10.259
0.00622,15.48,5.0056,16,1.1728,2.5514,4.9453
0.00521,5.7244,3.6551,6,7.178,7.1983,10.362
0.01524,1.536,0.60728,8,3.8144,5.731,4.1867
0.00254,1.2618,1.2033,13,7.6395,3.3108,5.9817
0.00254,2.0289,1.5274,16,6.349,4.5714,8.0883
0.00305,5.3213,4.6743,3,4.0529,7.8416,6.5726
0.00434,0.71375,6.7471,14,10.223,4.5162,2.3099
0.01064,4.03,4.6547,16,8.1755,2.6264,3.5192
0.00521,2.0042,0.50567,12,1.9505,1.78,7.6856
0.00305,4.1906,1.4786,8,6.8048,1.2327,3.8569
0.00892,5.7047,1.5731,5,6.5351,4.9153,9.9947
0.01064,3.2493,6.2158,13,3.7029,6.9959,2.1486
0.00744,3.5379,3.4239,6,10.442,5.4386,6.589
0.00254,9.5265,2.7176,3,9.411,4.7934,4.8545
0.00744,3.0685,7.3255,12,2.1129,6.7379,3.8266
0.00305,0.88332,0.96342,14,0.66734,2.602,2.7116
0.00434,4.6525,1.4204,7,10.004,2.3096,9.2113
0.00744,0.10798,0.51542,15,6.5219,5.425,4.5157
0.01064,2.6141,0.8062,16,7.9521,4.1518,1.4263
0.00305,3.4871,2.4076,2,3.2249,5.2959,4.9687
0.00521,2.0473,1.242,6,3.9654,1.8208,9.6758
0.01064,1.9442,2.3874,13,12.719,8.7129,8.0592
0.00305,1.2587,1.8114,16,4.863,5.0918,1.608
0.00254,1.0086,1.1571,16,5.619,4.5247,4.2039
0.00363,5.2699,8.8754,13,8.6201,5.8481,5.3049
0.01064,1.7637,2.7668,12,8.0111,3.3308,7.2681
0.00744,2.7131,4.903,11,3.7239,9.7414,10.036
0.01524,3.0994,2.7279,5,3.8742,5.9428,12.763
0.01064,14.801,3.4885,4,9.278,4.0635,5.4944
0.00363,2.9451,3.4588,12,8.6034,9.9764,3.8812
0.00744,3.1512,1.5678,16,5.0551,4.9458,6.0449
0.00892,3.8562,3.5034,10,3.0553,3.6681,2.2043
0.00744,1.6189,4.6406,6,8.0296,6.0249,3.7396
0.00305,3.2114,1.7517,12,4.3334,6.5179,7.3579
0.00434,1.2787,2.3184,3,6.8112,3.3991,3.6269
0.01524,5.2543,1.1958,13,8.5046,6.8603,7.2827
0.01275,1.9541,14.606,10,9.5117,5.7683,1.2791
0.01064,4.5321,4.2122,9,16.243,9.1669,7.736
0.00434,1.8165,1.1991,2,5.9374,2.934,10.744
0.01064,1.295,5.673,13,1.6206,6.1866,1.5697
0.00892,5.4385,1.6736,14,5.9187,6.446,5.1752
0.00521,1.2595,3.0082,10,7.9516,3.2602,3.8026
0.00254,1.6285,1.7659,11,5.0387,4.8258,5.804
0.00254,0.048345,1.6191,3,13.849,1.2397,0.76236
0.00622,4.6729,0.71569,9,4.8472,3.191,4.4609
0.01064,2.2557,4.1523,6,5.8634,8.3181,6.3978
0.00622,5.9098,2.0007,2,5.838,3.0728,8.0668
0.00892,1.8677,7.3784,2,7.4624,2.7509,3.4512
0.00744,3.191,3.557,9,7.5616,3.5664,2.5004
0.00363,2.5669,7.0698,9,6.689,6.9067,1.8038
0.00363,1.6738,7.7402,2,2.1654,9.04,1.5213
0.00434,1.8112,2.7753,7,8.4568,10.974,4.0333
0.00254,3.3043,2.866,14,9.6007,6.4424,6.2451
0.00363,2.8721,4.5563,4,5.5798,7.5709,4.3329
0.00305,5.1432,1.8866,2,4.0293,1.3329,5.5333
0.01064,2.8558,0.96572,12,5.3617,7.9887,5.542
0.00305,3.4112,3.3581,6,6.8532,2.1073,3.4136
0.01524,5.9958,3.9705,6,2.8644,2.9328,3.5607
0.00622,2.8356,4.2388,13,3.8781,5.1277,3.8335
0.01275,1.2937,1.6863,9,0.98026,13.023,2.7946
0.01064,3.1054,2.3307,15,9.7123,2.5067,4.5683
0.00892,1.8519,3.293,14,12.791,9.4718,9.0577
0.00622,3.1305,4.1324,7,3.4466,4.5868,4.6126
0.01275,4.5349,13.151,13,5.7947,3.1512,2.7816
0.01064,2.519,2.5392,14,4.8518,4.6847,3.2402
0.00434,0.93014,0.087178,16,12.423,6.3386,1.0764
0.00305,2.669,1.9332,2,4.4567,1.9967,5.3185
0.01064,6.395,1.3957,6,4.4539,3.5607,9.1197
0.00254,4.856,2.1951,16,7.6352,6.2776,4.5185
0.01524,1.4631,1.9127,7,6.0718,12.905,8.4069
0.01524,0.92021,1.8852,12,4.9579,8.5105,1.9642
0.00434,2.9006,7.1285,10,3.9405,14.486,9.4294
0.00363,1.4004,2.87,7,3.0573,11.33,9.6077
0.00254,1.7805,0.78302,8,6.4058,3.0257,5.4632
0.00305,7.9823,3.6728,7,2.9961,5.9171,8.3266
0.00892,4.8134,7.4464,6,17.257,2.249,4.5874
0.00521,1.0461,2.5668,8,7.2425,9.4372,15.377
0.00622,0.51228,1.4958,6,11.604,3.9629,2.5697
0.00363,2.7377,1.6546,16,4.6825,4.6945,6.0008
0.00363,5.9078,2.1842,14,2.7313,4.9779,5.0715
0.00521,2.0099,1.4753,10,10.562,8.8271,8.6825
0.00254,2.7832,1.6197,16,2.6286,2.5954,10.882
0.00744,1.52,6.2197,5,5.861,5.1557,5.8915
0.00521,0.85503,1.6281,2,4.4195,8.41,2.9463
0.00622,0.36562,7.4741,2,3.1796,6.2244,4.9247
0.00305,0.97159,8.5464,5,4.1478,6.6836,6.1565
0.00254,2.8153,2.6604,2,2.4319,5.2696,9.292
0.00434,3.5274,1.2989,7,10.277,8.6769,4.1737
0.01064,4.1391,0.56787,10,12.943,1.9513,6.0725
0.01064,1.4566,5.8124,6,5.156,12.348,5.6286
0.00521,12.82,3.0094,7,8.7843,4.9511,5.8952
0.00622,3.1259,0.30141,9,7.5164,2.7899,4.5885
0.00305,2.3317,1.3556,9,3.8682,5.3673,7.0071
0.00521,4.8373,1.2481,13,3.3898,3.9983,7.0638
0.01064,3.9598,2.1366,3,2.2785,2.3198,4.7591
0.01524,1.5786,0.86147,16,3.0133,7.8793,11.775
0.00363,3.0295,5.7276,12,18.592,4.1238,1.9712
0.01524,0.23321,2.5044,2,3.4955,9.1622,7.135
0.00521,0.47154,5.7208,9,7.9224,3.092,1.8348
0.00744,1.3747,1.9256,11,5.158,4.6934,7.313
0.00622,2.8241,2.6835,5,3.8624,2.9076,7.8297
0.00744,2.082,3.2464,5,4.945,3.0999,3.6387
0.00892,8.9085,1.5442,2,8.0586,7.3447,2.5122
0.01524,0.30089,0.36273,4,7.8961,4.0172,7.0657
0.00363,6.4382,0.41969,12,7.4679,2.5283,2.2368
0.00363,0.62519,3.7971,3,5.6412,10.456,2.7261
0.00622,5.746,1.2488,15,8.7131,1.1086,4.6009
0.00254,4.2423,2.6603,7,4.7993,3.906,5.9122
0.00305,1.8312,8.2619,2,1.0824,5.5139,3.2222
0.00521,3.4175,1.408,8,4.3058,5.6469,3.8443
0.00434,6.455,4.7885,4,4.4774,1.0128,5.8577
0.00363,4.0674,2.2729,10,3.1992,2.5604,3.0774
0.00363,1.8825,2.5378,10,9.2025,6.603,10.851
0.01064,5.3392,6.9203,3,8.1233,9.1295,5.3906
0.00254,1.6056,2.3369,2,6.2699,5.2328,6.8283
0.00521,1.8828,2.1725,15,3.8673,3.9008,6.4385
0.00434,2.4391,0.91526,16,3.063,3.0839,4.2008
0.00744,0.45779,0.72262,11,9.4297,5.055,5.5839
0.00622,4.7062,7.4066,2,12.358,2.384,10.501
0.00305,2.0515,2.8014,5,13.775,2.8462,9.4458
0.00744,0.96369,1.5908,14,7.1485,1.8037,8.9175
0.00305,1.4408,3.098,10,9.0786,4.506,6.8163
0.00892,2.656,8.0492,10,5.8732,4.4545,4.8675
0.00434,3.7684,6.9116,12,7.128,3.5814,2.6597
0.00305,2.0787,1.9401,5,14.53,6.2381,2.8731
0.00892,1.0547,1.3774,2,8.736,4.2924,7.9059
0.00744,2.237,1.0543,3,8.4359,5.8117,6.9364
0.00363,7.5216,1.5352,6,11.89,3.5079,5.9472
0.00744,0.26747,1.7677,2,4.7174,6.4461,7.7733
0.01524,0.78427,5.8049,3,8.7933,3.3335,3.4852
0.00744,4.9885,1.0971,3,4.9397,3.4682,5.9202
0.01275,0.95837,1.3864,10,11.464,8.7256,3.7629
0.01524,0.73711,13.194,2,4.7669,4.0655,10.672
0.00363,3.0062,0.65464,13,5.2264,3.2156,6.9863
0.00434,1.848,20.002,16,10.266,10.325,7.754
0.00363,1.5757,3.4451,3,4.4548,6.5175,3.5909
0.00521,6.7737,4.248,7,5.0565,4.2958,7.4503
0.01524,2.9553,0.85707,5,1.3455,2.5782,6.1831
0.00521,0.95608,0.71138,5,6.9574,7.666,6.1822
0.00744,3.4748,2.6821,7,12.075,2.4976,5.3567
0.00254,0.54712,0.36352,3,2.1108,5.0708,10.635
0.00622,2.6564,5.3718,2,1.6433,5.2872,3.1406
0.00363,3.5544,2.856,10,7.7374,2.3001,7.4884
0.00254,1.5821,0.88061,4,12.137,3.9794,9.1245
0.00892,5.6404,2.4634,9,5.2887,5.1483,10.331
0.00744,0.46838,0.66737,10,12.153,3.0298,5.5765
0.01275,3.9611,1.876,6,7.7145,1.9427,4.7168
0.00622,7.7564,7.2796,15,22.566,6.8751,3.7019
0.00521,9.3088,1.1795,12,5.2998,1.1206,5.5198
0.00363,1.7634,12.004,4,8.4563,5.1188,4.8786
0.00892,6.2193,2.1854,16,3.9825,4.3105,4.4709
0.00254,6.3866,4.2889,12,1.6467,6.3624,6.8906
0.00892,0.91529,1.8125,8,7.6147,2.8987,7.1888
0.01524,1.274,1.0996,12,3.2335,7.4818,6.2889
0.00521,0.81651,4.3825,4,5.4412,5.6982,5.0697
0.01524,3.6067,1.4155,9,8.4909,2.2021,2.4398
0.01524,2.8906,3.7666,6,3.7493,4.6738,5.867
0.01064,5.968,16.075,11,20.481,4.7877,3.2038
0.00521,2.2705,0.11993,2,7.7666,14.682,7.7293
0.00521,1.5228,9.2949,2,3.0764,10.602,8.1567
0.00434,0.39032,1.6562,5,9.3442,3.2699,5.9512
0.00622,1.2447,3.7993,15,5.4712,5.1684,4.4688
0.00521,1.6176,3.9014,8,7.6841,6.5108,7.964
0.01064,3.119,1.5533,7,3.621,4.2367,2.8506
0.01524,2.103,5.4771,5,12.556,1.6256,2.7355
0.00892,0.64496,1.142,10,10.956,4.2476,2.2861
0.00434,2.6732,2.6947,7,1.058,6.4101,5.0774
0.00892,1.4956,1.1318,6,5.0166,4.2251,2.4153
0.01275,1.857,2.2978,6,8.7569,3.6875,4.0634
0.00363,2.0571,1.1737,8,3.7693,9.74,11.845
0.00254,3.0826,1.7729,16,4.3837,6.5252,3.8751
0.00305,1.8759,6.6806,14,5.3108,3.12,3.7698
0.00254,2.3872,1.8359,10,2.6495,3.6915,7.7147
