0,33850,33283,29890,16179,45103,44580,21203,28489,18982,29681,34453,43178,35724,28881,3450.4,34986,33377,30968,31562,41191,25059,28391,36690,13231,22721,17011,25913,40834,28659,32462,32957,27522,29060,23051,30747,35978,23242,30122,33426,10846,21067,32154,38243,34417,22436,32368,38604,28022,35892,30216,31146,23391,33624,36767,27943,27489,32352,34856,24115,36612,18977,22221,22390,29719,22595,37327,23866,22966,36338,34869,32440,11086,30036,33707,31705,33681,29842,25710,24206,49655,33746,46296,24377,45316,22179,43229,25404,28193,33889,4321.8,43911,34405,26671,31540,35327,29603,37477,22500,29781,27787,23347,34119,19477,21803,40681
33850,0,8423.9,14948,19014,15226,15575,15451,27937,18792,50579,57970,14544,15045,51194,32645,57792,5612.8,32010,54970,10332,43837,33851,33365,22309,15463,38265,50371,30928,19184,33710,58679,53136,49334,21943,35892,35538,16384,51301,58115,31250,36959,53285,8217.9,32936,21384,43458,8164.8,22563,11777,28808,11224,17000,54782,39053,49815,50572,8698.6,5599.4,12322,32279,34403,45706,23911,54221,41537,40188,15107,20363,59631,57731,10331,35104,44598,57614,8985.7,57301,27122,14242,47619,19563,58055,17423,41099,15358,43380,39363,30704,53002,55419,31747,36982,41533,52249,28040,9820.5,51746,10116,50010,55222,53078,40393,26880,32931,41231,61826
33283,8423.9,0,12421,18106,16788,15307,16277,29777,19223,48108,56251,12733,17411,49493,32542,56914,11723,34897,53235,11491,42788,35725,35179,21769,16262,37343,48672,32768,17211,35350,56963,50906,47978,19160,37357,37202,14094,49863,56485,29468,34597,52486,9692.9,34076,18711,45965,10976,26590,10935,31135,10324,14869,53478,40737,50305,48323,12030,9131.3,13347,34362,33049,47021,20845,52480,40116,41829,16139,17161,58401,56113,4169.7,35824,46445,55835,9919.9,55879,28895,11310,46143,20502,56363,16744,40098,16177,41659,42172,33506,50999,54130,30768,38911,43198,50357,30918,8086.1,50111,11269,48222,53326,51020,42238,30351,30630,38960,60816
29890,14948,12421,0,14695,20131,16770,12673,35507,21077,39272,47446,15427,26450,41011,29896,48567,19483,39689,44625,15398,34026,40598,42680,20391,20770,29732,40531,40433,5451.9,41868,48915,43050,38990,9510,43098,44235,7130.5,41224,47779,23231,25315,43881,14385,41246,9640.2,48639,13536,31622,7633.7,37159,19623,6606.8,44348,47458,43417,39939,18574,14422,17898,41889,24336,47130,11726,44258,31559,48496,21292,8982.2,49664,47240,11474,35295,49419,47048,17875,47260,35583,5932.3,37597,22832,47812,17820,31169,18420,33109,49280,37088,42971,45151,26631,47373,48600,42511,36383,8329.4,41508,17386,40784,45364,43040,43884,37182,21582,30051,51477
16179,19014,18106,14695,0,29428,28781,8628.1,25315,9927.7,34908,42449,27354,24220,35658,15880,43306,20019,30418,39332,25402,29614,29328,33903,7939.9,12568,22512,34026,34311,15220,31551,42467,36385,34615,11262,31645,34510,8569.4,36359,42068,13002,21675,39061,22750,32234,10832,37682,22962,23481,20411,27434,18141,8821,40191,36902,36357,34411,18960,19885,11836,33438,19664,33230,12008,38123,26572,37804,13680,10467,44665,42245,17578,20935,36500,41706,18012,41930,26320,10589,31331,33806,42314,30471,27414,29512,27587,40944,26242,36593,40805,13700,40075,36954,35599,27422,19563,36340,22238,32850,38790,36489,30491,29687,17941,25161,47720
45103,15226,16788,20131,29428,0,7811,27220,38530,29779,56679,65284,9380.7,22704,58960,44404,66138,18973,44387,62487,7080.2,52127,45764,43292,34588,28239,47458,58706,35927,24469,45040,66832,61018,56768,28372,47227,45850,25104,58775,65500,39866,43809,61482,9692.7,44024,29147,56722,10258,35379,14944,40218,21479,25112,62022,49551,59818,57960,18338,13463,25248,42366,42984,57453,30025,62238,49592,50475,27757,27939,67363,64305,18636,47178,55879,64624,18764,65091,38677,22644,54692,6479,65674,8761.3,49454,4362.2,51550,46846,44007,61106,62847,42767,44983,52516,60694,37464,13439,59365,10648,58837,63373,61062,52275,38284,40610,47640,68422
44580,15575,15307,16770,28781,7811,0,25692,41494,31020,53906,62484,4623.7,26369,56274,44195,63256,20400,45864,59889,5932.7,49099,48149,46606,33804,29101,45443,56037,41042,20783,47616,64248,58540,54100,25604,49826,48929,22770,56204,62869,38625,41056,58544,8985.5,46513,25898,57252,9177.5,37324,10533,43005,23035,22735,59051,52621,57327,55427,19731,13468,25969,45778,40128,58870,27388,59631,46924,53705,28896,24839,64544,61597,16077,47875,58416,61870,19968,62384,41130,20043,52656,8411.2,63034,3103,46113,3711.4,48722,51480,45432,58439,59878,41856,49087,55386,58024,41219,10256,56730,14253,56560,60776,58530,54233,40966,37547,45241,65322
21203,15451,16277,12673,8628.1,27220,25692,0,28603,15139,37781,43886,24440,24776,37190,20377,43467,16983,30711,40865,22344,29345,31829,36207,11244,14431,23711,36047,37369,12748,33997,44413,39191,35324,12577,34709,37085,8198.9,37395,44195,18328,23750,39012,20087,34194,11186,37881,18894,22474,16462,29334,18393,8582.3,40732,39619,35579,36757,17867,17153,12544,35276,20217,36678,14555,39996,27374,40686,15350,11619,45384,44101,15571,25100,39930,43898,17906,43043,28328,9991.6,33856,31149,43854,27349,26989,26624,29082,43053,26623,38893,41293,18291,42146,40040,38009,29862,16682,37718,21907,35622,41028,38994,33834,29729,19598,28303,48115
28489,27937,29777,35507,25315,38530,41494,28603,0,16121,54663,61083,40303,17753,54710,26007,61376,23703,16205,58060,36410,50216,9985.2,10380,23265,16008,42039,52606,15462,38097,9579.8,59771,54206,54563,35430,9994.6,11110,31228,55530,60149,33396,44311,58152,33393,12506,34931,27539,35144,13959,37370,7120.5,20987,32120,59778,13714,52132,53449,23763,29600,18637,10326,41925,27281,35892,56387,47265,14113,15434,33954,62977,61042,31113,21756,19755,60212,22945,60345,6414.6,31104,50419,44067,60521,43516,48586,40610,47949,17656,15404,54738,60179,29531,16657,14826,53459,8364.2,34728,55491,29133,49858,56501,54517,19878,12421,41198,46313,66637
18982,18792,19223,21077,9927.7,29779,31020,15139,16121,0,42399,49732,29736,17364,43281,17517,50511,17437,24128,46692,26619,37922,21630,25010,11045,6840,30023,41311,25000,23357,23250,49181,43146,42536,20125,23528,25780,16384,44017,49044,19908,30317,46763,23580,24384,19790,33679,24754,17482,24828,19216,14311,17046,47979,28456,42612,41723,16231,20024,8179.8,24607,28436,30108,20592,45264,34714,29077,7444.9,18811,51911,49467,19813,18803,29731,48839,14890,49185,17811,16625,38413,34967,49428,32919,35840,30880,35579,31952,20956,43749,48504,18342,30898,28887,42597,18875,22856,43906,20700,39190,45699,43403,25518,22284,26923,32943,55220
29681,50579,48108,39272,34908,56679,53906,37781,54663,42399,0,13957,52787,57137,13046,32417,22058,52635,56255,13068,53192,17916,55020,62561,35953,45853,19280,12896,64089,35397,58978,16511,10771,14270,30590,57534,62173,36025,15153,13027,23824,15648,20238,51617,59706,31412,56426,51168,52972,45887,56047,50639,35161,14885,63018,28481,8451.9,51049,50501,45715,62301,20427,45847,28879,13294,16171,63526,46975,32687,19763,12763,46397,38913,55810,11168,50557,16854,55996,38601,10718,59313,15141,54686,18836,55638,14112,67960,51770,12055,15939,28347,68616,60795,13113,56239,46899,13261,53032,14039,13512,11375,48975,59281,20344,11700,21377
34453,57970,56251,47446,42449,65284,62484,43886,61083,49732,13957,0,61482,65023,9733.5,36886,10492,59623,59979,4829.8,61455,16892,60164,68573,42047,52564,22569,10109,71837,43101,64312,6215.8,10175,11173,39124,62771,67816,43573,10744,4224.8,31220,23332,11361,59530,65569,38973,57296,59076,57809,53615,61994,58924,43026,5945.9,68313,22242,10668,58195,57849,52689,68360,25328,47897,37905,6403.6,18524,68856,53793,40625,6589.4,5589.2,54230,42857,59585,4692.8,58241,4626.5,61912,46493,14042,68122,2717.3,63451,19708,64083,16416,73821,55274,8909.1,5863.5,33407,75134,65662,10137,62910,54956,8853.1,61848,13276,7331.4,8909.6,52567,64662,27195,20580,10894
43178,14544,12733,15427,27354,9380.7,4623.7,24440,40303,29736,52787,61482,0,25437,55189,42807,62453,19405,45363,58831,5868.8,48175,46974,45497,32432,27735,44148,54942,40326,19642,46457,63198,57374,53117,24268,48685,47839,21319,55208,61806,37188,39881,57748,9009.9,45054,24587,56576,8414.1,36442,9321.7,41818,21039,21347,58120,51531,56447,54219,19410,13315,24550,44681,38915,57622,26021,58554,45838,52600,27535,23439,63665,60742,13692,46556,57316,60888,18958,61420,39895,18530,51605,9868.9,62010,4434.1,45236,6343.4,47634,50803,44367,57294,58965,40472,48320,54236,56899,40104,8631.8,55675,13458,55379,59669,57393,52963,40107,36340,44097,64727
35724,15045,17411,26450,24220,22704,26369,24776,17753,17364,57137,65023,25437,0,58148,33960,65492,11526,25982,61928,21241,52198,25788,21288,25353,14287,45094,56825,16684,30883,23747,64894,58898,57161,31106,26304,23986,25687,58601,64575,35940,44773,61440,18796,23256,30661,39732,21365,18851,25208,19933,10096,26546,62744,28007,56824,57008,11588,16165,13744,20709,42526,42113,32291,60764,49178,29008,13029,29182,67033,64718,19865,33345,36905,64222,10395,64476,17609,23835,53958,27883,64867,28233,49624,24951,50534,27041,26637,59167,63349,34903,23797,31639,58212,18459,22106,58870,13982,55307,61332,59109,35360,18739,40867,47870,69732
28881,51194,49493,41011,35658,58960,56274,37190,54710,43281,13046,9733.5,55189,58148,0,31085,14391,52926,54228,5186.3,54978,11945,54172,62602,35159,45942,15565,5531.8,66034,36760,58384,10507,9809.4,4689.6,32746,56983,62005,36886,3756.5,11819,25786,18001,11778,53113,59504,32494,52441,52453,51704,47317,55613,51965,36322,9181.6,62696,21703,6032.4,51709,51330,45938,62229,18116,43973,31722,5591.8,10872,63271,47143,34143,12904,12617,47534,37571,55040,11582,51576,8794.9,55633,39852,12979,61856,9191.5,57156,13158,57848,9426.2,68604,49630,6317.5,9838.2,27256,69062,60163,7823.2,56885,48465,1427.8,54888,11137,7774.8,8151.3,47876,58538,20933,17421,18464
3450.4,32645,32542,29896,15880,44404,44195,20377,26007,17517,32417,36886,42807,33960,31085,0,37018,31663,28296,33918,40510,26903,25609,34226,11937,20876,18593,28305,38857,28959,29804,35322,30231,31030,23855,28083,33518,23279,32148,35969,13088,23318,34002,37506,31878,23154,29837,37778,25328,35556,27466,29639,23523,35778,34260,29113,29938,31076,33920,22432,34063,20495,20256,23555,32069,24358,34875,22001,23602,38574,37386,31886,8430.6,27627,36302,30505,35920,27321,25699,26851,49046,36164,45975,26010,44786,24364,40869,22462,30709,36047,5964.1,41537,31942,29207,29042,34880,31758,36546,25149,32253,30341,20781,31422,21481,24504,42973
34986,57792,56914,48567,43306,66138,63256,43467,61376,50511,22058,10492,62453,65492,14391,37018,0,59175,58389,11468,61933,15401,59907,68565,42147,52757,23404,13756,73012,44301,64086,10867,16304,13804,40738,62645,67754,44391,14280,12715,33213,26239,5493.7,59995,65596,40197,54344,59275,56349,54170,61887,59666,43936,9257.7,68229,15080,17038,58142,57813,52903,68298,26035,47665,39932,11788,20034,68895,53988,42018,4950.3,13761,54536,42796,59599,14184,58643,7442.7,61751,47367,18543,69098,9656.3,64305,19107,64925,18373,73946,53673,14435,7695.2,33933,75397,65614,14427,63367,55611,13436,62935,16601,12904,14720,52417,63688,28911,24938,10816
33377,5612.8,11723,19483,20019,18973,20400,16983,23703,17437,52635,59623,19405,11526,52926,31663,59175,0,27380,56627,15048,45652,29475,28388,21857,13154,39560,51849,27092,23453,28974,60004,54568,51245,25134,31427,30645,19364,53081,59672,32423,39295,54896,12625,28268,24418,39434,13342,17855,17168,24235,9802.5,20197,56615,34310,50284,52310,7982.4,9163.9,10768,27402,36456,42823,26927,55736,43430,35442,12480,23415,61137,59501,13499,33001,40525,59289,8541.2,58851,22468,17590,49228,23639,59582,22356,43115,19784,45176,34489,26431,54495,57185,31707,32101,36933,53608,23850,15090,53497,12661,51013,56623,54538,36963,21575,35221,43298,63682
30968,32010,34897,39689,30418,44387,45864,30711,16205,24128,56255,59979,45363,25982,54228,28296,58389,27380,0,57169,41006,48884,13579,15509,25827,21580,42791,52042,27652,41592,12554,58163,53999,53890,39445,13615,14735,35054,54710,59627,37174,46080,55575,37576,15929,38052,15047,39674,13011,41048,14268,28647,36204,58575,16095,48386,53679,27385,33050,24061,15849,42767,28117,40079,55450,47461,17383,21334,37463,60605,61036,35134,24575,21927,59955,28210,58524,12903,35103,51818,49739,59150,48070,47584,45516,48012,22493,9736.1,54197,58660,31566,21632,17490,52792,20062,39270,54864,36754,49724,55571,54067,22052,12273,42688,48533,64874
31562,54970,53235,44625,39332,62487,59889,40865,58060,46692,13068,4829.8,58831,61928,5186.3,33918,11468,56627,57169,0,58660,14100,57254,65783,38735,49495,19101,6544.5,69050,40403,61456,6546.2,8670.1,7459.9,36202,59950,65076,40557,6783.7,7521.2,28559,20818,10508,56889,62683,36121,54620,56166,54944,50873,58979,55789,39967,6360,65632,21533,7387.9,55308,54941,49597,65509,21906,45837,35024,3110.2,14877,66172,50715,37819,8794.4,8859.2,51096,40204,57348,7541.6,55271,4668,58940,43512,13104,65483,4301.9,60819,16453,61476,12783,71409,52526,5867.2,6693.7,30395,72283,62948,7434.1,60166,52125,4396.5,58787,11197,5364,6882.4,50214,61789,24115,18992,14532
41191,10332,11491,15398,25402,7080.2,5932.7,22344,36410,26619,53192,61455,5868.8,21241,54978,40510,61933,15048,41006,58660,0,47781,43238,41466,30131,24281,43459,54674,36348,19959,42530,62859,57155,52866,24252,44965,43900,20230,54996,61725,36228,39970,57256,4240.9,41552,24313,52704,5459.6,32300,9188.9,37910,18285,20481,58213,47714,55368,54149,14783,8629.7,21187,40600,38658,54598,26136,58277,45607,48795,23985,23176,63417,60826,12762,43733,53635,60917,15035,61134,35962,17493,51364,10542,61824,7608.9,44884,5521,47413,46653,40454,57077,58986,38673,44195,50382,56632,36203,7624.2,55445,9957.6,54901,59395,57150,49566,35815,36231,44137,64872
25059,43837,42788,34026,29614,52127,49099,29345,50216,37922,17916,16892,48175,52198,11945,26903,15401,45652,48884,14100,47781,0,50038,58106,29351,39857,11057,11167,61536,29584,53984,17808,15881,9081.3,26379,53032,57757,29966,12191,18511,21234,13479,10573,45961,55108,25771,48041,44918,45234,39816,50871,45972,29379,13274,58839,15796,13383,44948,44122,39516,57591,11420,41752,25944,13759,7568.3,59633,41094,27792,17170,18628,40603,33964,52325,18550,45213,15070,50611,33056,13907,54985,16558,50061,5421.6,50755,7313.7,64366,44134,14148,13441,22637,64854,56835,13802,52150,41296,11850,48751,14239,15502,14647,44868,52690,14996,15390,21147
28391,33851,35725,40598,29328,45764,48149,31829,9985.2,21630,55020,60164,46974,25788,54172,25609,59907,29475,13579,57254,43238,50038,0,12356,25139,21181,42016,51961,23539,42724,7178.1,58459,53586,54211,39745,5638.1,11007,35759,54987,59203,35215,45909,57145,40105,9950.4,38645,20407,41370,15216,42873,6639.9,27499,36726,59057,10365,50225,53201,30422,35908,23930,11166,42843,21730,40031,55505,47495,11126,20900,38138,61677,60615,36733,19830,13171,59502,29812,59222,9775.5,35993,50573,50939,59442,50136,48608,47497,48029,19079,10688,53980,59329,30074,19005,9215.5,52632,12738,40759,54933,36545,48991,55524,53828,13799,12946,42860,47467,65845
36690,33365,35179,42680,33903,43292,46606,36207,10380,25010,62561,68573,45497,21288,62602,34226,68565,28388,15509,65783,41466,58106,12356,0,31110,23091,50295,60460,16363,45928,6365.5,67090,61831,62572,43680,9446.5,3282.7,38908,63417,67648,42109,52549,65715,38504,8854.5,42815,27193,40942,18077,43709,10210,26448,40035,67448,7600.4,59197,61336,28399,34733,25561,4143.1,50150,32800,44141,64090,55458,8600.5,22252,41591,70240,68990,36288,29750,22093,67726,27907,67826,8461.6,38182,58774,48650,67966,48553,56353,45428,56057,12788,18439,62405,67769,37826,8453.9,12795,61105,14343,40993,63388,34458,57530,64075,62196,25112,11523,49264,54531,74237
13231,22309,21769,20391,7939.9,34588,33804,11244,23265,11045,35953,42047,32432,25353,35159,11937,42147,21857,25827,38735,30131,29351,25139,31110,0,11825,21901,33262,34579,20444,27816,41321,35647,34446,16913,27549,31328,13744,35852,41834,14947,23510,38315,27133,28770,15370,31657,27545,20776,25404,24443,19823,14548,40126,33289,34397,34121,21389,23583,12541,30625,20183,28743,17459,37292,26456,34153,13072,15387,43766,42604,21069,16682,32400,41699,20517,41097,23232,15706,32101,39027,41502,35620,27167,34487,27296,39033,21503,35778,40561,11068,37785,32863,34621,26347,24486,35900,26856,31609,37827,35710,26228,27013,19637,27086,47754
22721,15463,16262,20770,12568,28239,29101,14431,16008,6840,45853,52564,27735,14287,45942,20876,52757,13154,21580,49495,24281,39857,21181,23091,11825,0,32601,44177,25154,23556,21669,52084,46372,45103,21761,22846,24227,16419,46562,52393,24012,33107,48897,21048,22283,20695,32166,22650,14705,23074,18004,11128,17513,50525,27403,44454,44816,12669,16952,3430.2,22602,30534,32920,22742,48159,37118,28442,1339.5,19570,54428,52855,16804,22134,31540,52116,11261,51850,15386,16013,42231,33522,52254,31071,37563,28972,38112,31426,19251,46622,51007,21452,29045,28768,45501,19361,20848,46659,19301,42371,48637,46530,27684,19163,29152,36514,58002
17011,38265,37343,29732,22512,47458,45443,23711,42039,30023,19280,22569,44148,45094,15565,18593,23404,39560,42791,19101,43459,11057,42016,50295,21901,32601,0,14525,53214,25954,46251,22941,18612,14113,22117,45180,49957,24836,16040,23079,14206,12108,19219,41483,47280,21646,43001,40356,38543,35942,42850,38767,24302,19908,50998,20022,15824,39164,39118,32500,49700,7324.7,34021,21757,18237,6742,51705,33792,23483,24560,23322,36051,25523,44227,23028,38975,21606,42878,28160,13913,50519,22354,46631,9878.6,46763,8707.4,56444,37277,17685,20523,14952,57013,48944,17015,43533,36887,16016,42522,14992,19616,17928,36478,45632,12574,14267,28621
25913,50371,48672,40531,34026,58706,56037,36047,52606,41311,12896,10109,54942,56825,5531.8,28305,13756,51849,52042,6544.5,54674,11167,51961,60460,33262,44177,14525,0,64215,36399,56089,9107.9,6300.3,7881.4,31891,54557,59731,35818,8238.5,10877,23386,16541,11565,52507,57452,31559,49989,52093,49919,46994,53703,50783,35340,10661,60358,19842,5589.4,50375,50516,44415,60243,17330,41274,30657,4377.8,11207,60921,45433,33147,12873,12891,46628,34873,52466,11019,50250,9115.3,53533,38774,10957,61783,9066,56986,13075,57628,7911.3,66586,47459,3969,10858,24481,67182,57688,3433.8,55136,48007,5854.6,54184,6239.7,5524.8,4613.9,45458,56713,19527,15332,18920
40834,30928,32768,40433,34311,35927,41042,37369,15462,25000,64089,71837,40326,16684,66034,38857,73012,27092,27652,69050,36348,61536,23539,16363,34579,25154,53214,64215,0,44470,20933,71397,65355,65528,42739,22420,18869,38649,66660,70926,43305,53889,69790,34196,21521,42928,40795,36355,24541,40494,19110,23930,39296,70422,21967,64534,64269,26410,31844,26375,16599,52279,40281,43201,67805,57991,21687,24093,41483,74274,71463,34927,35305,31096,70693,25603,71762,18575,37348,60700,41176,71634,42749,59568,38958,59014,16254,29419,66308,70985,41688,14947,24801,65233,15026,37381,66692,27771,61484,68069,65820,32908,20723,50797,55585,77357
28659,19184,17211,5451.9,15220,24469,20783,12748,38097,23357,35397,43101,19642,30883,36760,28959,44301,23453,41592,40403,19959,29584,42724,45928,20444,23556,25954,36399,44470,0,44286,44898,39243,34579,7502.7,45298,47121,7980.2,36847,43719,21257,21364,39483,19144,44011,7708,49117,17592,33809,11428,39506,23804,6846,39783,49930,39717,35961,22846,18932,20999,45017,20167,46765,9874,40109,27105,50929,24254,8388.7,45366,42858,15982,34943,50573,42930,22472,43006,38323,8963.4,33713,26600,43630,21572,26646,22584,28844,52302,38438,38957,40602,25121,50836,50758,38536,38975,13153,37228,22339,37277,41343,39103,44287,40117,17735,26346,47118
32462,33710,35350,41868,31551,45040,47616,33997,9579.8,23250,58978,64312,46457,23747,58384,29804,64086,28974,12554,61456,42530,53984,7178.1,6365.5,27816,21669,46251,56089,20933,44286,0,62595,57521,58427,41531,4280.6,4649.9,37225,59236,63510,38723,49156,61303,39382,7062.6,40568,22298,41372,16124,43395,7858.5,26860,38286,63266,6183,54586,57213,29337,35333,24547,6876.3,46589,27615,41930,59679,51507,7774.1,21155,39592,65836,64986,36194,24874,17787,63706,28611,63434,6802,37116,54891,50385,63601,49502,52470,46765,51990,16482,13585,58059,63534,33644,14098,9524.8,56683,14482,40838,59158,36005,53009,59626,57846,20164,11258,46079,51256,70066
32957,58679,56963,48915,42467,66832,64248,44413,59771,49181,16511,6215.8,63198,64894,10507,35322,10867,60004,58163,6546.2,62859,17808,58459,67090,41321,52084,22941,9107.9,71397,44898,62595,0,8407,13303,40260,60844,66145,44274,12312,6969.8,31331,24626,12281,60640,64105,39872,54574,60435,56982,55229,60750,59077,43870,10662,66440,21797,10962,58401,58541,52527,67027,26002,46062,38934,5457.2,19596,66932,53324,41389,7976.2,10892,54724,41207,57661,8208,58389,5496.7,60598,47173,16237,69987,3808.2,65242,20668,65838,16695,72774,53739,7038.2,10037,32210,73780,63508,7574.2,62352,56267,10173,62653,11155,4319.9,7214.9,51010,63646,27932,22230,15026
27522,53136,50906,43050,36385,61018,58540,39191,54206,43146,10771,10175,57374,58898,9809.4,30231,16304,54568,53999,8670.1,57155,15881,53586,61831,35647,46372,18612,6300.3,65355,39243,57521,8407,0,12863,34037,55856,60993,38309,12849,9051.9,24821,18346,15494,54903,58865,33840,51883,54935,52407,49669,55548,52933,37930,13176,61507,23476,5929.6,52721,52964,46777,61804,21146,42496,32464,6442.3,15950,61996,47572,35162,14301,12282,48786,36574,53419,8801.9,52392,11133,55255,41134,11775,64312,9349.5,59512,17858,60105,12241,67697,49609,4169.4,13317,26614,68402,58751,3841.2,56892,50459,10134,56420,6349.2,4809.6,2083.1,46778,58827,21892,15476,19552
29060,49334,47978,38990,34615,56768,54100,35324,54563,42536,14270,11173,53117,57161,4689.6,31030,13804,51245,53890,7459.9,52866,9081.3,54211,62572,34446,45103,14113,7881.4,65528,34579,58427,13303,12863,0,31191,57223,62121,35294,4213.6,13559,25247,16881,10055,51352,59466,30935,52444,50247,50676,45072,55322,50841,34684,7903.4,62971,19890,8945,50344,49573,44852,62062,16292,44431,30408,8521.1,8945.1,63628,46317,32860,13212,13173,45990,37678,55565,13295,50403,9990.9,55357,38235,12550,59515,11199,54993,10612,55681,8749.4,68355,49146,9900.2,8672,27195,69013,60639,10877,56383,46468,4121.7,53327,13249,11127,11198,48037,57814,19706,16964,17568
23051,21943,19160,9510,11262,28372,25604,12577,35430,20125,30590,39124,24268,31106,32746,23855,40738,25134,39445,36202,24252,26379,39745,43680,16913,21761,22117,31891,42739,7502.7,41531,40260,34037,31191,0,42053,44506,6796.7,33354,39333,14774,16471,36166,22583,41609,3435.3,46470,22271,32739,16779,37380,24012,5584.2,36460,47047,36665,31206,23596,21592,19988,43114,16732,42375,2775.2,35643,23744,47950,22700,3997.1,41699,38645,17557,30356,46635,38284,22880,38964,36060,8970.1,28878,31393,39348,26653,23953,27186,24662,50290,36021,34179,37260,19634,49139,47247,33664,36911,17314,33278,24383,31944,36566,34134,40385,38945,12910,20991,43830
30747,35892,37357,43098,31645,47227,49826,34709,9994.6,23528,57534,62771,48685,26304,56983,28083,62645,31427,13615,59950,44965,53032,5638.1,9446.5,27549,22846,45180,54557,22420,45298,4280.6,60844,55856,57223,42053,0,7047.4,38117,57906,61693,37783,48437,60031,41703,9927.6,41060,21331,43535,17671,45160,9207.1,29080,39128,61952,6530.9,53148,55778,31538,37528,25841,10089,45946,24376,42215,58083,50524,7247.7,22461,40252,64331,63250,38122,22536,14061,61973,30867,61895,9478.5,38283,53255,52679,61996,51844,51603,49055,50823,17435,13546,56447,62193,32478,16597,6533.5,55024,14955,42703,57769,38054,51274,57937,56207,16998,14273,45566,49963,68606
35978,35538,37202,44235,34510,45850,48929,37085,11110,25780,62173,67816,47839,23986,62005,33518,67754,30645,14735,65076,43900,57757,11007,3282.7,31328,24227,49957,59731,18869,47121,4649.9,66145,60993,62121,44506,7047.4,0,39975,62879,66876,42007,52539,65077,40694,8735.3,43614,25164,43083,18892,45604,10707,28513,41092,66880,4776.9,58408,60722,30579,36842,27004,5882.5,50152,30906,44857,63294,55199,5996.4,23533,42486,69416,68374,38097,28622,19797,67011,29943,67044,9267.8,39592,58342,51188,67143,50850,56165,47833,55652,13626,17572,61611,67155,37310,10396,10122,60258,15657,42865,62794,37165,56607,63191,61377,23417,12796,49383,54445,73590
23242,16384,14094,7130.5,8569.4,25104,22770,8198.9,31228,16384,36025,43573,21319,25687,36886,23279,44391,19364,35054,40557,20230,29966,35759,38908,13744,16419,24836,35818,38649,7980.2,37225,44274,38309,35294,6796.7,38117,39975,0,37325,43851,17581,21603,39778,18109,37209,5382.7,42967,18146,27754,13513,32839,18698,1922.7,40983,42802,38661,35741,18092,16335,14295,38230,19992,41100,8819.1,39738,27412,43780,17247,4617.7,45744,43683,12631,29000,44015,43193,17260,43171,31382,3440.9,33590,28886,43683,24117,27195,24018,28587,46252,31997,38341,41546,19812,44426,43660,37634,33230,13334,37447,20142,35638,40644,38345,38165,33922,17305,26324,48390
30122,51301,49863,41224,36359,58775,56204,37395,55530,44017,15153,10744,55208,58601,3756.5,32148,14280,53081,54710,6783.7,54996,12191,54987,63417,35852,46562,16040,8238.5,66660,36847,59236,12312,12849,4213.6,33354,57906,62879,37325,0,13308,27041,19264,11400,53233,60348,33076,52981,52361,52068,47303,56315,52451,36708,8929.6,63616,21285,9215.2,51981,51442,46449,62979,18562,44821,32568,7968.5,11144,64217,47735,34847,13061,13314,47957,38502,55968,13131,52010,9437.7,56388,40276,14280,61669,10495,57087,12928,57753,10805,69213,50210,9463.2,9654.2,28446,69810,61144,10756,57483,48630,3378.3,55143,13641,10415,11107,48680,59021,21960,19059,17941
33426,58115,56485,47779,42068,65500,62869,44195,60149,49044,13027,4224.8,61806,64575,11819,35969,12715,59672,59627,7521.2,61725,18511,59203,67648,41834,52393,23079,10877,70926,43719,63510,6969.8,9051.9,13559,39333,61693,66876,43851,13308,0,30426,23443,13972,59732,64797,39291,56978,59393,57398,54235,61203,58617,43243,8932.9,67240,22971,11098,58190,58137,52616,67486,26023,46597,37776,7782.4,19853,67696,53591,40754,9277.9,4704.6,54411,41823,58316,2502.4,58244,7944.3,61309,46793,12673,68524,5421.4,63834,21344,64425,17262,72794,54938,9419.8,8869.8,32823,74161,64435,10120,62136,55416,11248,61759,12145,7678.5,8459.4,51490,64133,27578,19695,12110
10846,31250,29468,23231,13002,39866,38625,18328,33396,19908,23824,31220,37188,35940,25786,13088,33213,32423,37174,28559,36228,21234,35215,42109,14947,24012,14206,23386,43305,21257,38723,31331,24821,25247,14774,37783,42007,17581,27041,30426,0,12804,29701,33894,39877,15165,40720,33811,32237,30135,35457,30125,17126,29807,43515,28476,23615,30850,31720,24152,41908,13441,31514,13530,27199,18300,44071,25158,15890,33974,30862,28223,20513,38618,30108,30139,31335,35007,20295,19481,43970,31181,39988,20232,39559,17985,48204,32357,25712,30376,8752.2,48452,41803,24593,35519,30016,26396,33940,21032,27675,25136,31989,38814,11616,13989,37135
21067,36959,34597,25315,21675,43809,41056,23750,44311,30317,15648,23332,39881,44773,18001,23318,26239,39295,46080,20818,39970,13479,45909,52549,23510,33107,12108,16541,53889,21364,49156,24626,18346,16881,16471,48437,52539,21603,19264,23443,12804,0,22108,38083,49881,16789,48301,37695,41547,32097,45891,38032,20866,21411,54085,26239,15707,37675,36704,32570,52176,8372.6,41130,15038,20060,11129,54806,34280,18343,26418,23337,32752,30953,49254,22647,37291,23696,45259,24379,14395,46755,23740,41986,12067,42675,10175,58880,41661,18698,22133,18050,58872,52589,18264,46324,33129,18401,39972,17326,20911,18337,42076,48326,5349.7,6740.5,29069
32154,53285,52486,43881,39061,61482,58544,39012,58152,46763,20238,11361,57748,61440,11778,34002,5493.7,54896,55575,10508,57256,10573,57145,65715,38315,48897,19219,11565,69790,39483,61303,12281,15494,10055,36166,60031,65077,39778,11400,13972,29701,22108,0,55479,62716,35557,52602,54565,52998,49443,58715,55487,39363,8219,65760,14230,14938,53982,53327,48847,65344,21362,46315,35496,10898,15461,66451,50113,37553,8097,14467,50247,40306,57804,14870,54475,8082.7,58572,42804,16587,64395,10654,59563,14030,60212,14245,71385,50922,13186,7141.5,30571,72404,63297,13200,60134,50962,10909,58327,15333,12675,13781,50446,60471,24463,21792,13365
38243,8217.9,9692.9,14385,22750,9692.7,8985.5,20087,33393,23580,51617,59530,9009.9,18796,53113,37506,59995,12625,37576,56889,4240.9,45961,40105,38504,27133,21048,41483,52507,34196,19144,39382,60640,54903,51352,22583,41703,40694,18109,53233,59732,33894,38083,55479,0,38680,22361,49373,7024.3,29302,9345,34985,16216,18551,56436,44587,53285,52338,10975,4825.8,18058,37801,36763,51678,24345,56150,43775,45662,20755,21079,61434,59215,10554,40785,50595,59083,11501,59251,32946,15218,49510,14401,59848,11122,43082,8844.3,45406,44049,37268,54905,57122,35713,41344,47249,54367,33917,6980.1,53712,9174.4,52588,57172,54936,46782,33021,34334,42408,63237
34417,32936,34076,41246,32234,44024,46513,34194,12506,24384,59706,65569,45054,23256,59504,31878,65596,28268,15929,62683,41552,55108,9950.4,8854.5,28770,22283,47280,57452,21521,44011,7062.6,64105,58865,59466,41609,9927.6,8735.3,37209,60348,64797,39877,49881,62716,38680,0,40766,25142,40357,17251,42598,8394.3,25347,38220,64380,9573.1,56234,58254,29490,34967,24632,7038.2,47370,30040,42056,61034,52459,11164,21604,39650,67248,66100,35221,27403,20879,64874,28452,64822,9144.5,36842,56020,49057,64961,48303,53512,45671,53115,17376,16003,59369,64712,35299,13881,13307,58123,14768,40099,60288,35134,54584,61040,59203,22383,11362,46754,52119,71296
22436,21384,18711,9640.2,10832,29147,25898,11186,34931,19790,31412,38973,24587,30661,32494,23154,40197,24418,38052,36121,24313,25771,38645,42815,15370,20695,21646,31559,42928,7708,40568,39872,33840,30935,3435.3,41060,43614,5382.7,33076,39291,15165,16789,35557,22361,40766,0,44700,22334,31566,16701,36418,23605,4949.7,36529,46123,35714,31195,22925,21059,19000,42243,16059,41824,5140.8,35310,23324,47030,21707,2470.5,41247,39111,16777,29773,46162,38618,22242,38756,35130,8010.7,29457,32316,39204,27077,23077,27622,24280,49913,34762,33915,37139,18698,48407,46289,33366,36916,17204,33053,24794,31618,36255,33881,39924,37970,12490,21836,43935
32368,43458,45965,48639,37682,56722,57252,37881,27539,33679,56426,57296,56576,39732,52441,29837,54344,39434,15047,54620,52704,48041,20407,27193,31657,32166,43001,49989,40795,49117,22298,54574,51883,52444,46470,21331,25164,42967,52981,56978,40720,48301,52602,49373,25142,44700,0,50757,23885,50965,24636,40576,44020,56387,23887,44373,52467,39793,44861,34681,27177,44512,24298,46833,52829,47575,24837,32390,44710,56839,58989,45501,25511,21988,57733,40573,55292,24943,44008,51366,62085,55914,59548,47289,57380,47666,32648,15320,51847,56171,33567,33181,22264,50352,30792,49824,52978,49149,47446,52735,51833,21573,24522,45627,50217,61905
38604,8164.8,10976,13536,22962,10258,9177.5,18894,35144,24754,51168,59076,8414.1,21365,52453,37778,59275,13342,39674,56166,5459.6,44918,41370,40942,27545,22650,40356,52093,36355,17592,41372,60435,54935,50247,22271,43535,43083,18146,52361,59393,33811,37695,54565,7024.3,40357,22334,50757,0,30048,7784.1,36204,17071,18133,55495,46768,52188,51880,15156,9121.5,19349,39769,35729,51763,24390,55797,42714,47902,22448,21497,60847,58503,12638,40920,51402,58729,15427,58574,34785,15973,48744,12841,59360,10626,42176,9323.1,44756,46214,38075,54694,56239,36038,43940,49074,54180,34530,7267.9,52925,10698,52425,56990,54828,46940,34299,33987,42012,62288
28022,22563,26590,31622,23481,35379,37324,22474,13959,17482,52972,57809,36442,18851,51704,25328,56349,17855,13011,54944,32300,45234,15216,18077,20776,14705,38543,49919,24541,33809,16124,56982,52407,50676,32739,17671,18892,27754,52068,57398,32237,41547,52998,29302,17251,31566,23885,30048,0,32292,12254,20159,28730,55531,21142,45658,51301,20265,24986,16213,16786,37929,28896,33789,53579,43580,22394,14269,31055,58681,58091,27325,22574,25045,57597,21015,56619,11967,27848,47960,40509,57312,39424,43721,36735,44795,23782,10013,52442,55808,28205,23876,22586,51192,14650,30677,52290,27972,47941,54088,52377,22519,8928.4,37955,44277,61974
35892,11777,10935,7633.7,20411,14944,10533,16462,37370,24828,45887,53615,9321.7,25208,47317,35556,54170,17168,41048,50873,9188.9,39816,42873,43709,25404,23074,35942,46994,40494,11428,43395,55229,49669,45072,16779,45160,45604,13513,47303,54235,30135,32097,49443,9345,42598,16701,50965,7784.1,32292,0,38485,19549,13427,50090,48948,48352,46569,17147,11028,19798,42780,30668,51558,18954,50595,37729,50032,23232,15980,55489,53311,10526,40130,52718,53356,17070,53304,36969,11346,44166,16976,54008,11633,36901,12453,39552,49722,39146,49472,50863,32864,47321,50861,49026,37751,3875.8,47750,15012,47435,51782,49582,47725,37440,28401,36836,57005
30216,28808,31135,37159,27434,40218,43005,29334,7120.5,19216,56047,61994,41818,19933,55613,27466,61887,24235,14268,58979,37910,50871,6639.9,10210,24443,18004,42850,53703,19110,39506,7858.5,60750,55548,55322,37380,9207.1,10707,32839,56315,61203,35457,45891,58715,34985,8394.3,36418,24636,36204,12254,38485,0,22361,33829,60477,12181,52197,54649,25767,31136,20274,7867.4,42826,26716,38052,57400,48105,13104,17357,35657,63664,62219,32569,22844,18909,61318,25003,61136,6329,32893,51828,45396,61430,44989,49112,42165,48988,17454,12459,55861,60852,31227,16150,13698,54628,8383.7,36207,56375,31161,51136,57600,55757,18701,8734.7,42544,47955,67370
31146,11224,10324,19623,18141,21479,23035,18393,20987,14311,50639,58924,21039,10096,51965,29639,59666,9802.5,28647,55789,18285,45972,27499,26448,19823,11128,38767,50783,23930,23804,26860,59077,52933,50841,24012,29080,28513,18698,52451,58617,30125,38032,55487,16216,25347,23605,40576,17071,20159,19549,22361,0,19548,56474,32141,51505,50726,11857,13750,9214.1,25518,35922,40783,25282,54749,42827,33218,10399,22178,61179,58649,13213,30836,38323,58120,8940.6,58486,20488,16913,47930,25867,58866,24617,43308,22620,44270,33375,27062,53147,57149,29785,30282,34590,52297,21707,16660,52681,12288,49534,55411,53119,35014,22668,34143,41599,63879
23391,17000,14869,6606.8,8821,25112,22735,8582.3,32120,17046,35161,43026,21347,26546,36322,23523,43936,20197,36204,39967,20481,29379,36726,40035,14548,17513,24302,35340,39296,6846,38286,43870,37930,34684,5584.2,39128,41092,1922.7,36708,43243,17126,20866,39363,18551,38220,4949.7,44020,18133,28730,13427,33829,19548,0,40137,43861,38423,35222,19095,17006,15423,39331,19336,41396,7888.2,39285,26735,44837,18400,4624,45275,42901,13635,29333,44595,42595,18314,42619,32488,4554.4,32755,28469,43173,24023,26711,23978,28064,47016,32927,37902,40897,20080,45525,44653,37228,33750,13507,36911,20364,35347,40245,37931,38526,34916,16730,25470,47665
33624,54782,53478,44348,40191,62022,59051,40732,59778,47979,14885,5945.9,58120,62744,9181.6,35778,9257.7,56615,58575,6360,58213,13274,59057,67448,40126,50525,19908,10661,70422,39783,63266,10662,13176,7903.4,36460,61952,66880,40983,8929.6,8932.9,29807,21411,8219,56436,64380,36529,56387,55495,55531,50090,60477,56474,40137,0,67560,19486,11709,55612,54816,50357,67046,22422,47570,35535,8522.1,15667,68188,51722,38339,7551.9,7660.2,51503,41967,59252,9066.2,55845,6183.5,60472,43914,13119,64663,7202.8,60003,16309,60748,14535,72633,53644,11296,1648.8,32192,73967,65146,12267,61212,51884,7978.4,59079,14785,10711,11635,51830,62717,25030,19587,10360
36767,39053,40737,47458,36902,49551,52621,39619,13714,28456,63018,68313,51531,28007,62696,34260,68229,34310,16095,65632,47714,58839,10365,7600.4,33289,27403,50998,60358,21967,49930,6183,66440,61507,62971,47047,6530.9,4776.9,42802,63616,67240,43515,54085,65760,44587,9573.1,46123,23887,46768,21142,48948,12181,32141,43861,67560,0,58846,61438,34454,40629,30313,8460.6,51643,29241,47287,63803,56324,2179.5,26903,45122,69868,68867,41649,28672,16984,67471,33846,67517,12532,42691,59041,55004,67573,54595,57408,51595,56671,14061,17995,62138,67798,38485,12353,6420.9,60766,17260,46313,63485,40693,57069,63610,61897,21790,15178,51086,55600,74146
27943,49815,50305,43417,36357,59818,57327,35579,52132,42612,28481,22242,56447,56824,21703,29113,15080,50284,48386,21533,55368,15796,50225,59197,34397,44454,20022,19842,64534,39717,54586,21797,23476,19890,36665,53148,58408,38661,21285,22971,28476,26239,14230,53285,56234,35714,44373,52188,45658,48352,52197,51505,38423,19486,58846,0,23837,50290,50637,44750,58728,23290,38453,36467,20831,20532,59538,45631,37526,19152,23601,48390,33775,50163,24383,51144,19756,52324,41682,20955,63128,21531,58723,18954,58781,20172,64184,43143,22274,18631,27218,66101,56188,21202,53770,49697,21270,56050,19852,21877,22296,42885,53263,27172,26173,22067
27489,50572,48323,39939,34411,57960,55427,36757,53449,41723,8451.9,10668,54219,57008,6032.4,29938,17038,52310,53679,7387.9,54149,13383,53201,61336,34121,44816,15824,5589.4,64269,35961,57213,10962,5929.6,8945,31206,55778,60722,35741,9215.2,11098,23615,15707,14938,52338,58254,31195,52467,51880,51301,46569,54649,50726,35222,11709,61438,23837,0,50763,50524,44915,61095,17926,43302,29780,6624.9,12020,61977,46043,32656,15254,12554,46295,36647,53983,10183,50415,11414,54508,38541,11000,60998,10402,56318,14609,57004,9226.8,67332,49183,4608.5,12357,25936,67761,58947,6100.7,55821,47505,6706.4,53720,8900.7,7052.6,5386.7,46998,57866,19194,14003,19980
32352,8698.6,12030,18574,18960,18338,19731,17867,23763,16231,51049,58195,19410,11588,51709,31076,58142,7982.4,27385,55308,14783,44948,30422,28399,21389,12669,39164,50375,26410,22846,29337,58401,52721,50344,23596,31538,30579,18092,51981,58190,30850,37675,53982,10975,29490,22925,39793,15156,20265,17147,25767,11857,19095,55612,34454,50290,50763,0,6876.9,10834,28138,35733,43480,25018,54297,42674,35439,12125,21531,59895,58113,12643,33090,41028,57735,4342.1,57570,22988,15936,48018,24019,58125,21989,42327,19052,43990,34686,27884,52897,56161,30596,32132,37075,51923,25543,14475,52318,12017,49465,55014,52830,37925,23587,33725,41498,62493
34856,5599.4,9131.3,14422,19885,13463,13468,17153,29600,20024,50501,57849,13315,16165,51330,33920,57813,9163.9,33050,54941,8629.7,44122,35908,34733,23583,16952,39118,50516,31844,18932,35333,58541,52964,49573,21592,37528,36842,16335,51442,58137,31720,36704,53327,4825.8,34967,21059,44861,9121.5,24986,11028,31136,13750,17006,54816,40629,50637,50524,6876.9,0,14084,34037,34877,47781,23403,54212,41832,41708,16658,19806,59587,57651,9821.4,36878,46571,57579,8127.7,57285,28894,13729,47951,18584,57987,15721,41269,13299,43505,40736,32896,52992,55440,32529,38097,43176,52301,30552,8585.3,51834,9829.3,50112,55164,52992,42754,29038,32796,41001,61756
24115,12322,13347,17898,11836,25248,25969,12544,18637,8179.8,45715,52689,24550,13744,45938,22432,52903,10768,24061,49597,21187,39516,23930,25561,12541,3430.2,32500,44415,26375,20999,24547,52527,46777,44852,19988,25841,27004,14295,46449,52616,24152,32570,48847,18058,24632,19000,34681,19349,16213,19798,20274,9214.1,15423,50357,30313,44750,44915,10834,14084,0,24909,29915,35244,21274,48406,36757,31385,3617.8,17870,54578,52863,14135,24322,34315,52209,9274.3,52006,18095,13539,42234,30364,52481,27894,37049,25893,37977,33448,21725,46923,50907,22487,31043,31668,45913,21023,17573,46628,16579,42986,49026,46882,30232,20913,28473,36281,57832
36612,32279,34362,41889,33438,42366,45778,35276,10326,24607,62301,68360,44681,20709,62229,34063,68298,27402,15849,65509,40600,57591,11166,4143.1,30625,22602,49700,60243,16599,45017,6876.3,67027,61804,62062,43114,10089,5882.5,38230,62979,67486,41908,52176,65344,37801,7038.2,42243,27177,39769,16786,42780,7867.4,25518,39331,67046,8460.6,58728,61095,28138,34037,24909,0,49526,32308,43696,63888,54875,9561.1,21766,41083,70016,68535,35838,29369,21809,67576,27570,67584,8364.7,37641,58359,47601,67791,47702,55778,44601,55661,12675,17587,62262,67394,37691,8858.3,13234,61014,12242,40156,63003,33576,57497,63975,62109,24199,9508.3,48854,54222,73880
18977,34403,33049,24336,19664,42984,40128,20217,41925,28436,20427,25328,38915,42526,18116,20495,26035,36456,42767,21906,38658,11420,42843,50150,20183,30534,7324.7,17330,52279,20167,46589,26002,21146,16292,16732,45946,50152,19992,18562,26023,13441,8372.6,21362,36763,47370,16059,44512,35729,37929,30668,42826,35922,19336,22422,51643,23290,17926,35733,34877,29915,49526,0,38317,16533,21189,7919.9,52425,31754,18096,27141,26029,31281,28161,46914,25625,35540,24386,42522,23173,17098,45748,25127,41140,8481,41691,9682.5,56821,37960,20270,23068,15604,56619,50140,19764,43903,31942,18612,38643,18648,22545,20606,39274,45188,6801.8,13442,30776
22221,45706,47021,47130,33230,57453,58870,36678,27281,30108,45847,47897,57622,42113,43973,20256,47665,42823,28117,45837,54598,41752,21730,32800,28743,32920,34021,41274,40281,46765,27615,46062,42496,44431,42375,24376,30906,41100,44821,46597,31514,41130,46315,51678,30040,41824,24298,51763,28896,51558,26716,40783,41396,47570,29241,38453,43302,43480,47781,35244,32308,38317,0,42114,44005,39724,29021,33402,42147,49267,48306,47220,12938,14597,47322,43197,47269,29227,43034,39515,62491,47247,60763,41786,58755,39767,35613,22059,43096,47644,25747,38724,24045,41716,28304,50482,44485,48998,37306,43881,42669,8530.1,31876,40088,40668,53333
22390,23911,20845,11726,12008,30025,27388,14555,35892,20592,28879,37905,26021,32291,31722,23555,39932,26927,40079,35024,26136,25944,40031,44141,17459,22742,21757,30657,43201,9874,41930,38934,32464,30408,2775.2,42215,44857,8819.1,32568,37776,13530,15038,35496,24345,42056,5140.8,46833,24390,33789,18954,38052,25282,7888.2,35535,47287,36467,29780,25018,23403,21274,43696,16533,42114,0,34417,23200,48146,23660,5244.2,40624,37227,19128,30227,46471,36823,24141,37902,36676,10816,27522,33175,38066,28425,23682,28965,23747,50738,36636,32841,36319,19059,49641,47355,32292,37612,19284,32293,25875,30502,35189,32682,40420,39878,11990,19119,42823
29719,54221,52480,44258,38123,62238,59631,39996,56387,45264,13294,6403.6,58554,60764,5591.8,32069,11788,55736,55450,3110.2,58277,13759,55505,64090,37292,48159,18237,4377.8,67805,40109,59679,5457.2,6442.3,8521.1,35643,58083,63294,39738,7968.5,7782.4,27199,20060,10898,56150,61034,35310,52829,55797,53579,50595,57400,54749,39285,8522.1,63803,20831,6624.9,54297,54212,48406,63888,21189,44005,34417,0,14565,64345,49382,36892,9673.6,10257,50378,38345,55471,8149.4,54202,5627.1,57296,42695,12650,65310,5008,60576,16143,61220,11788,69879,50900,3520.8,8561.4,28563,70689,61028,4550.5,58760,51670,5325,58019,8647.2,2842.6,4460.9,48494,60349,23384,18235,16127
22595,41537,40116,31559,26572,49592,46924,27374,47265,34714,16171,18524,45838,49178,10872,24358,20034,43430,47461,14877,45607,7568.3,47495,55458,26456,37118,6742,11207,57991,27105,51507,19596,15950,8945.1,23744,50524,55199,27412,11144,19853,18300,11129,15461,43775,52459,23324,47575,42714,43580,37729,48105,42827,26735,15667,56324,20532,12020,42674,41832,36757,54875,7919.9,39724,23200,14565,0,57026,38333,25255,20644,19741,38285,31577,50040,19502,42574,17521,48045,30476,12913,52272,18379,47798,5682.7,48443,4744.2,61713,42635,14170,16376,20084,61997,54328,14133,49152,39006,11295,45568,14061,16349,14962,42386,50652,12595,13526,24674
37327,40188,41829,48496,37804,50475,53705,40686,14113,29077,63526,68856,52600,29008,63271,34875,68895,35442,17383,66172,48795,59633,11126,8600.5,34153,28442,51705,60921,21687,50929,7774.1,66932,61996,63628,47950,7247.7,5996.4,43780,64217,67696,44071,54806,66451,45662,11164,47030,24837,47902,22394,50032,13104,33218,44837,68188,2179.5,59538,61977,35439,41708,31385,9561.1,52425,29021,48146,64345,57026,0,27949,46037,70474,69167,42923,28927,16209,67953,34887,68090,13867,43707,59435,55975,68107,55709,58176,52681,57329,13390,19258,62654,68433,39178,12475,5573.3,61286,17362,47384,64072,41490,57582,64120,62408,21646,16570,51845,56111,74664
23866,15107,16139,21292,13680,27757,28896,15350,15434,7444.9,46975,53793,27535,13029,47143,22001,53988,12480,21334,50715,23985,41094,20900,22252,13072,1339.5,33792,45433,24093,24254,21155,53324,47572,46317,22700,22461,23533,17247,47735,53591,25158,34280,50113,20755,21604,21707,32390,22448,14269,23232,17357,10399,18400,51722,26903,45631,46043,12125,16658,3617.8,21766,31754,33402,23660,49382,38333,27949,0,20539,55663,54030,16876,22917,31543,53279,10650,53085,14723,16662,43410,33105,53485,30871,38771,28640,39361,30557,19292,47832,52222,22719,28037,28401,46742,18665,20866,47851,18712,43634,49864,47739,27944,18359,30365,37669,59191
22966,20363,17161,8982.2,10467,27939,24839,11619,33954,18811,32687,40625,23439,29182,34143,23602,42018,23415,37463,37819,23176,27792,38138,41591,15387,19570,23483,33147,41483,8388.7,39592,41389,35162,32860,3997.1,40252,42486,4617.7,34847,40754,15890,18343,37553,21079,39650,2470.5,44710,21497,31055,15980,35657,22178,4624,38339,45122,37526,32656,21531,19806,17870,41083,18096,42147,5244.2,36892,25255,46037,20539,0,42991,40715,15137,30046,45780,40111,20614,40484,34165,6505.7,30981,31299,40793,26035,25156,26499,26036,48847,34505,35369,38964,19386,47099,45590,34809,36063,16084,34742,23430,32998,37731,35293,39896,37128,14167,23137,45737
36338,59631,58401,49664,44665,67363,64544,45384,62977,51911,19763,6589.4,63665,67033,12904,38574,4950.3,61137,60605,8794.4,63417,17170,61677,70240,43766,54428,24560,12873,74274,45366,65836,7976.2,14301,13212,41699,64331,69416,45744,13061,9277.9,33974,26418,8097,61434,67248,41247,56839,60847,58681,55489,63664,61179,45275,7551.9,69868,19152,15254,59895,59587,54578,70016,27141,49267,40624,9673.6,20644,70474,55663,42991,0,10431,56058,44393,61108,10604,60252,4436.7,63545,48666,17888,70302,6002,65566,20428,66162,18693,75532,55978,12546,6137.3,35305,76988,67155,13047,64972,57036,11958,64235,16106,10690,12763,54037,65809,29568,24469,8962.7
34869,57731,56113,47240,42245,64305,61597,44101,61042,49467,12763,5589.2,60742,64718,12617,37386,13761,59501,61036,8859.2,60826,18628,60615,68990,42604,52855,23322,12891,71463,42858,64986,10892,12282,13173,38645,63250,68374,43683,13314,4704.6,30862,23337,14467,59215,66100,39111,58989,58503,58091,53311,62219,58649,42901,7660.2,68867,23601,12554,58113,57651,52863,68535,26029,48306,37227,10257,19741,69167,54030,40715,10431,0,54222,43178,59986,4433.1,58173,9606.1,62405,46548,12162,66938,8030.5,62508,21243,63122,17890,73767,56109,12228,8135.3,34052,75127,66023,13212,62696,54551,11800,61049,15007,11129,11584,52910,64978,27652,19442,10181
32440,10331,4169.7,11474,17578,18636,16077,15571,31113,19813,46397,54230,13692,19865,47534,31886,54536,13499,35134,51096,12762,40603,36733,36288,21069,16804,36051,46628,34927,15982,36194,54724,48786,45990,17557,38122,38097,12631,47957,54411,28223,32752,50247,10554,35221,16777,45501,12638,27325,10526,32569,13213,13635,51503,41649,48390,46295,12643,9821.4,14135,35838,31281,47220,19128,50378,38285,42923,16876,15137,56058,54222,0,35734,47157,53796,11083,53623,29849,9689,44512,22396,54123,17477,38096,17364,39655,43837,33659,48921,52108,29594,40518,44067,48263,32880,8260.8,48125,14192,46336,51187,48904,42845,31469,28498,37161,58670
11086,35104,35824,35295,20935,47178,47875,25100,21756,18803,38913,42857,46556,33345,37571,8430.6,42796,33001,24575,40204,43733,33964,19830,29750,16682,22134,25523,34873,35305,34943,24874,41207,36574,37678,30356,22536,28622,29000,38502,41823,20513,30953,40306,40785,27403,29773,25511,40920,22574,40130,22844,30836,29333,41967,28672,33775,36647,33090,36878,24322,29369,28161,12938,30227,38345,31577,28927,22917,30046,44393,43178,35734,0,19867,42314,32622,42046,23684,31010,33009,52122,42110,49695,33338,48009,31723,35310,18117,37071,42176,14290,36714,25319,35599,24271,39080,38226,38730,31294,38400,36738,12824,27617,29376,31767,48623
30036,44598,46445,49419,36500,55879,58416,39930,19755,29731,55810,59585,57316,36905,55040,27627,59599,40525,21927,57348,53635,52325,13171,22093,32400,31540,44227,52466,31096,50573,17787,57661,53419,55565,46635,14061,19797,44015,55968,58316,38618,49254,57804,50595,20879,46162,21988,51402,25045,52718,18909,38323,44595,59252,16984,50163,53983,41028,46571,34315,21809,46914,14597,46471,55471,50040,16209,31543,45780,61108,59986,47157,19867,0,58848,40711,59019,21874,45016,50625,61328,58871,60365,51613,57652,50114,23511,18669,54138,59386,33124,26953,10898,52733,20988,50904,55705,46870,48471,55216,53770,8811.7,24221,47510,49448,65318
33707,57614,55835,47048,41706,64624,61870,43898,60212,48839,11168,4692.8,60888,64222,11582,36302,14184,59289,59955,7541.6,60917,18550,59502,67726,41699,52116,23028,11019,70693,42930,63706,8208,8801.9,13295,38284,61973,67011,43193,13131,2502.4,30108,22647,14870,59083,64874,38618,57733,58729,57597,53356,61318,58120,42595,9066.2,67471,24383,10183,57735,57579,52209,67576,25625,47322,36823,8149.4,19502,67953,53279,40111,10604,4433.1,53796,42314,58848,0,57739,8873.1,61361,46091,12518,67517,6333,62833,21066,63486,16949,72914,55326,9289.8,9381.1,32897,74175,64808,10356,62109,54488,11026,61040,12693,8080.3,8392.4,52010,64253,26838,18769,12826
31705,8985.7,9919.9,17875,18012,18764,19968,17906,22945,14890,50557,58241,18958,10395,51576,30505,58643,8541.2,28210,55271,15035,45213,29812,27907,20517,11261,38975,50250,25603,22472,28611,58389,52392,50403,22880,30867,29943,17260,52010,58244,30139,37291,54475,11501,28452,22242,40573,15427,21015,17070,25003,8940.6,18314,55845,33846,51144,50415,4342.1,8127.7,9274.3,27570,35540,43197,24141,54202,42574,34887,10650,20614,60252,58173,11083,32622,40711,57739,0,57740,22176,14874,47899,24149,58176,21986,42538,19491,43799,34868,28195,52650,56441,29978,31452,36471,51737,24961,13976,52263,10796,49177,54852,52580,37617,23956,33316,41075,63074
33681,57301,55879,47260,41930,65091,62384,43043,60345,49185,16854,4626.5,61420,64476,8794.9,35920,7442.7,58851,58524,4668,61134,15070,59222,67826,41097,51850,21606,9115.3,71762,43006,63434,5496.7,11133,9990.9,38964,61895,67044,43171,9437.7,7944.3,31335,23696,8082.7,59251,64822,38756,55292,58574,56619,53304,61136,58486,42619,6183.5,67517,19756,11414,57570,57285,52006,67584,24386,47269,37902,5627.1,17521,68090,53085,40484,4436.7,9606.1,53623,42046,59019,8873.1,57740,0,61061,46151,15651,68063,3095.4,63363,18070,63996,15429,73454,53969,8722.4,5394.7,32610,74496,64818,9555.2,62515,54664,7871.5,61588,13117,7073.7,9373.5,52006,63624,26825,21943,11908
29842,27122,28895,35583,26320,38677,41130,28328,6414.6,17811,55996,61912,39895,17609,55633,27321,61751,22468,12903,58940,35962,50611,9775.5,8461.6,23232,15386,42878,53533,18575,38323,6802,60598,55255,55357,36060,9478.5,9267.8,31382,56388,61309,35007,45259,58572,32946,9144.5,35130,24943,34785,11967,36969,6329,20488,32488,60472,12532,52324,54508,22988,28894,18095,8364.7,42522,29227,36676,57296,48045,13867,14723,34165,63545,62405,29849,23684,21874,61361,22176,61061,0,31005,51984,44076,61327,43133,48836,40314,48757,18887,13030,55689,60821,30503,15968,15490,54386,12079,34316,56398,29684,50848,57435,55522,21930,8954.2,41785,47717,67552
25710,14242,11310,5932.3,10589,22644,20043,9991.6,31104,16625,38601,46493,18530,23835,39852,25699,47367,17590,35103,43512,17493,33056,35993,38182,15706,16013,28160,38774,37348,8963.4,37116,47173,41134,38235,8970.1,38283,39592,3440.9,40276,46793,20295,24379,42804,15218,36842,8010.7,44008,15973,27848,11346,32893,16913,4554.4,43914,42691,41682,38541,15936,13729,13539,37641,23173,43034,10816,42695,30476,43707,16662,6505.7,48666,46548,9689,31010,45016,46091,14874,46151,31005,0,36520,26355,46624,21519,30288,21400,31666,45595,32739,41251,44565,22570,43320,43833,40542,33091,10614,40401,17615,38606,43556,41234,39709,33435,20257,29051,51186
24206,47619,46143,37597,31331,54692,52656,33856,50419,38413,10718,14042,51605,53958,12979,26851,18543,49228,51818,13104,51364,13907,50573,58774,32101,42231,13913,10957,60700,33713,54891,16237,11775,12550,28878,53255,58342,33590,14280,12673,19481,14395,16587,49510,56020,29457,51366,48744,47960,44166,51828,47930,32755,13119,59041,20955,11000,48018,47951,42234,58359,17098,39515,27522,12650,12913,59435,43410,30981,17888,12162,44512,33009,50625,12518,47899,15651,51984,36520,0,57766,14951,53562,15793,54037,11289,63856,46693,12690,13872,23446,65142,56412,12348,51824,45089,12830,50598,10220,13577,11601,43389,54846,18589,10205,19587
49655,19563,20502,22832,33806,6479,8411.2,31149,44067,34967,59313,68122,9868.9,27883,61856,49046,69098,23639,49739,65483,10542,54985,50939,48650,39027,33522,50519,61783,41176,26600,50385,69987,64312,59515,31393,52679,51188,28886,61669,68524,43970,46755,64395,14401,49057,32316,62085,12841,40509,16976,45396,25867,28469,64663,55004,63128,60998,24019,18584,30364,47601,45748,62491,33175,65310,52272,55975,33105,31299,70302,66938,22396,52122,61328,67517,24149,68063,44076,26355,57766,0,68708,7547.1,52158,6241,54486,52303,49267,64272,65557,47099,50126,58053,63923,42571,16456,62245,15596,62195,66520,64284,57432,43481,43617,50745,70765
33746,58055,56363,47812,42314,65674,63034,43854,60521,49428,15141,2717.3,62010,64867,9191.5,36164,9656.3,59582,59150,4301.9,61824,16558,59442,67966,41502,52254,22354,9066,71634,43630,63601,3808.2,9349.5,11199,39348,61996,67143,43683,10495,5421.4,31181,23740,10654,59848,64961,39204,55914,59360,57312,54008,61430,58866,43173,7202.8,67573,21531,10402,58125,57987,52481,67791,25127,47247,38066,5008,18379,68107,53485,40793,6002,8030.5,54123,42110,58871,6333,58176,3095.4,61327,46624,14951,68708,0,64010,19453,64635,15995,73448,54527,7675.3,6745.5,32829,74594,64832,8715.1,62693,55307,8460.9,62044,12300,5630,7924.2,51955,64141,27205,21304,12296
46296,17423,16744,17820,30471,8761.3,3103,27349,43516,32919,54686,63451,4434.1,28233,57156,45975,64305,22356,48070,60819,7608.9,50061,50136,48553,35620,31071,46631,56986,42749,21572,49502,65242,59512,54993,26653,51844,50850,24117,57087,63834,39988,41986,59563,11122,48303,27077,59548,10626,39424,11633,44989,24617,24023,60003,54595,58723,56318,21989,15721,27894,47702,41140,60763,28425,60576,47798,55709,30871,26035,65566,62508,17477,49695,60365,62833,21986,63363,43133,21519,53562,7547.1,64010,0,47050,4808.2,49646,53333,47414,59379,60852,43499,50978,57441,58996,43013,11608,57622,15758,57734,61739,59493,56110,42996,38489,46151,66089
24377,41099,40098,31169,27414,49454,46113,26989,48586,35840,18836,19708,45236,49624,13158,26010,19107,43115,47584,16453,44884,5421.6,48608,56353,27167,37563,9878.6,13075,59568,26646,52470,20668,17858,10612,23953,51603,56165,27195,12928,21344,20232,12067,14030,43082,53512,23077,47289,42176,43721,36901,49112,43308,26711,16309,57408,18954,14609,42327,41269,37049,55778,8481,41786,23682,16143,5682.7,58176,38771,25156,20428,21243,38096,33338,51613,21066,42538,18070,48836,30288,15793,52158,19453,47050,0,47847,7104.7,62922,43038,16051,16660,21575,62912,55592,15804,50495,38388,13320,46000,16438,17873,16781,44204,51006,12765,15396,24260
45316,15358,16177,18420,29512,4362.2,3711.4,26624,40610,30880,55638,64083,6343.4,24951,57848,44786,64925,19784,45516,61476,5521,50755,47497,45428,34487,28972,46763,57628,38958,22584,46765,65838,60105,55681,27186,49055,47833,24018,57753,64425,39559,42675,60212,8844.3,45671,27622,57380,9323.1,36735,12453,42165,22620,23978,60748,51595,58781,57004,19052,13299,25893,44601,41691,58755,28965,61220,48443,52681,28640,26499,66162,63122,17364,48009,57652,63486,19491,63996,40314,21400,54037,6241,64635,4808.2,47847,0,50323,49714,45070,60025,61549,42717,47523,54561,59610,39878,11630,58304,12680,57971,62362,60107,53725,39919,39255,46675,66960
22179,43380,41659,33109,27587,51550,48722,29082,47949,35579,14112,16416,47634,50534,9426.2,24364,18373,45176,48012,12783,47413,7313.7,48029,56057,27296,38112,8707.4,7911.3,59014,28844,51990,16695,12241,8749.4,24662,50823,55652,28587,10805,17262,17985,10175,14245,45406,53115,24280,47666,44756,44795,39552,48988,44270,28064,14535,56671,20172,9226.8,43990,43505,37977,55661,9682.5,39767,23747,11788,4744.2,57329,39361,26036,18693,17890,39655,31723,50114,16949,43799,15429,48757,31666,11289,54486,15995,49646,7104.7,50323,0,62559,43372,10959,15070,19785,62740,54486,10537,50356,40673,9932.7,47294,10663,13151,11396,42792,51767,12386,11603,23315
43229,39363,42172,49280,40944,46846,51480,43053,17656,31952,67960,73821,50803,27041,68604,40869,73946,34489,22493,71409,46653,64366,19079,12788,39033,31426,56444,66586,16254,52302,16482,72774,67697,68355,50290,17435,13626,46252,69213,72794,48204,58880,71385,44049,17376,49913,32648,46214,23782,49722,17454,33375,47016,72633,14061,64184,67332,34686,40736,33448,12675,56821,35613,50738,69879,61713,13390,30557,48847,75532,73767,43837,35310,23511,72914,34868,73454,18887,45595,63856,52303,73448,53333,62922,49714,62559,0,25207,68471,72965,44856,9534.8,16653,67257,16542,47125,69254,39480,63419,69911,68082,28077,17481,56180,60288,78819
25404,30704,33506,37088,26242,44007,45432,26623,15404,20956,51770,55274,44367,26637,49630,22462,53673,26431,9736.1,52526,40454,44134,10688,18439,21503,19251,37277,47459,29419,38438,13585,53739,49609,49146,36021,13546,17572,31997,50210,54938,32357,41661,50922,37268,16003,34762,15320,38075,10013,39146,12459,27062,32927,53644,17995,43143,49183,27884,32896,21725,17587,37960,22059,36636,50900,42635,19258,19292,34505,55978,56109,33659,18117,18669,55326,28195,53969,13030,32739,46693,49267,54527,47414,43038,45070,43372,25207,0,49752,53766,26292,25464,17572,48351,18000,37723,50242,36023,44842,51119,49629,16141,12772,38546,43996,60197
28193,53002,50999,42971,36593,61106,58439,38893,54738,43749,12055,8909.1,57294,59167,6317.5,30709,14435,54495,54197,5867.2,57077,14148,53980,62405,35778,46622,17685,3969,66308,38957,58059,7038.2,4169.4,9900.2,34179,56447,61611,38341,9463.2,9419.8,25712,18698,13186,54905,59369,33915,51847,54694,52442,49472,55861,53147,37902,11296,62138,22274,4608.5,52897,52992,46923,62262,20270,43096,32841,3520.8,14170,62654,47832,35369,12546,12228,48921,37071,54138,9289.8,52650,8722.4,55689,41251,12690,64272,7675.3,59379,16051,60025,10959,68471,49752,0,11442,26944,68986,59395,2583.3,57357,50407,6732.4,56594,7379.1,2878.6,2596.4,47395,59018,21949,16949,18700
33889,55419,54130,45151,40805,62847,59878,41293,60179,48504,15939,5863.5,58965,63349,9838.2,36047,7695.2,57185,58660,6693.7,58986,13441,59329,67769,40561,51007,20523,10858,70985,40602,63534,10037,13317,8672,37260,62193,67155,41546,9654.2,8869.8,30376,22133,7141.5,57122,64712,37139,56171,56239,55808,50863,60852,57149,40897,1648.8,67798,18631,12357,56161,55440,50907,67394,23068,47644,36319,8561.4,16376,68433,52222,38964,6137.3,8135.3,52108,42176,59386,9381.1,56441,5394.7,60821,44565,13872,65557,6745.5,60852,16660,61549,15070,72965,53766,11442,0,32528,74347,65348,12250,61704,52631,8627.3,59850,14798,10587,11739,51998,63023,25685,20398,9581.8
4321.8,31747,30768,26631,13700,42767,41856,18291,29531,18342,28347,33407,40472,34903,27256,5964.1,33933,31707,31566,30395,38673,22637,30074,37826,11068,21452,14952,24481,41688,25121,33644,32210,26614,27195,19634,32478,37310,19812,28446,32823,8752.2,18050,30571,35713,35299,18698,33567,36038,28205,32864,31227,29785,20080,32192,38485,27218,25936,30596,32529,22487,37691,15604,25747,19059,28563,20084,39178,22719,19386,35305,34052,29594,14290,33124,32897,29978,32610,30503,22570,23446,47099,32829,43499,21575,42717,19785,44856,26292,26944,32528,0,44985,36526,25501,32762,32506,28009,35585,21919,28788,26730,26331,34622,15799,19967,39685
43911,36982,38911,47373,40075,44983,49087,42146,16657,30898,68616,75134,48320,23797,69062,41537,75397,32101,21632,72283,44195,64854,19005,8453.9,37785,29045,57013,67182,14947,50836,14098,73780,68402,69013,49139,16597,10396,44426,69810,74161,48452,58872,72404,41344,13881,48407,33181,43940,23876,47321,16150,30282,45525,73967,12353,66101,67761,32132,38097,31043,8858.3,56619,38724,49641,70689,61997,12475,28037,47099,76988,75127,40518,36714,26953,74175,31452,74496,15968,43320,65142,50126,74594,50978,62912,47523,62740,9534.8,25464,68986,74347,44985,0,17589,67818,17681,44424,69847,37007,64466,70686,68801,30958,16107,55566,60764,80575
34405,41533,43198,48600,36954,52516,55386,40040,14826,28887,60795,65662,54236,31639,60163,31942,65614,36933,17490,62948,50382,56835,9215.5,12795,32863,28768,48944,57688,24801,50758,9524.8,63508,58751,60639,47247,6533.5,10122,43660,61144,64435,41803,52589,63297,47249,13307,46289,22264,49074,22586,50861,13698,34590,44653,65146,6420.9,56188,58947,37075,43176,31668,13234,50140,24045,47355,61028,54328,5573.3,28401,45590,67155,66023,44067,25319,10898,64808,36471,64818,15490,43833,56412,58053,64832,57441,55592,54561,54486,16653,17572,59395,65348,36526,17589,0,57975,17799,48466,60951,43473,54208,60753,59139,16896,18390,49824,53668,71288
26671,52249,50357,42511,35599,60694,58024,38009,53459,42597,13113,10137,56899,58212,7823.2,29207,14427,53608,52792,7434.1,56632,13802,52632,61105,34621,45501,17015,3433.8,65233,38536,56683,7574.2,3841.2,10877,33664,55024,60258,37634,10756,10120,24593,18264,13200,54367,58123,33366,50352,54180,51192,49026,54628,52297,37228,12267,60766,21202,6100.7,51923,52301,45913,61014,19764,41716,32292,4550.5,14133,61286,46742,34809,13047,13212,48263,35599,52733,10356,51737,9555.2,54386,40542,12348,63923,8715.1,58996,15804,59610,10537,67257,48351,2583.3,12250,25501,67818,57975,0,56186,49926,8193,55960,5456,3633.8,2409.4,46016,57788,21318,16476,19410
31540,28040,30918,36383,27422,37464,41219,29862,8364.2,18875,56239,62910,40104,18459,56885,29042,63367,23850,20062,60166,36203,52150,12738,14343,26347,19361,43533,55136,15026,38975,14482,62352,56892,56383,36911,14955,15657,33230,57483,62136,35519,46324,60134,33917,14768,36916,30792,34530,14650,37751,8383.7,21707,33750,61212,17260,53770,55821,25543,30552,21023,12242,43903,28304,37612,58760,49152,17362,18665,36063,64972,62696,32880,24271,20988,62109,24961,62515,12079,33091,51824,42571,62693,43013,50495,39878,50356,16542,18000,57357,61704,32762,17681,17799,56186,0,35318,57561,28614,52460,59087,57119,20497,12908,43583,47998,68105
35327,9820.5,8086.1,8329.4,19563,13439,10256,16682,34728,22856,46899,54956,8631.8,22106,48465,34880,55611,15090,39270,52125,7624.2,41296,40759,40993,24486,20848,36887,48007,37381,13153,40838,56267,50459,46468,17314,42703,42865,13334,48630,55416,30016,33129,50962,6980.1,40099,17204,49824,7267.9,30677,3875.8,36207,16660,13507,51884,46313,49697,47505,14475,8585.3,17573,40156,31942,50482,19284,51670,39006,47384,20866,16084,57036,54551,8260.8,39080,50904,54488,13976,54664,34316,10614,45089,16456,55307,11608,38388,11630,40673,47125,37723,50407,52631,32506,44424,48466,49926,35318,0,48958,11885,48178,52742,50464,46326,35284,29344,37638,58842
29603,51746,50111,41508,36340,59365,56730,37718,55491,43906,13261,8853.1,55675,58870,1427.8,31758,13436,53497,54864,4396.5,55445,11850,54933,63388,35900,46659,16016,5854.6,66692,37228,59158,10173,10134,4121.7,33278,57769,62794,37447,3378.3,11248,26396,18401,10909,53712,60288,33053,52978,52925,52290,47750,56375,52681,36911,7978.4,63485,21270,6706.4,52318,51834,46628,63003,18612,44485,32293,5325,11295,64072,47851,34742,11958,11800,48125,38226,55705,11026,52263,7871.5,56398,40401,12830,62245,8460.9,57622,13320,58304,9932.7,69254,50242,6732.4,8627.3,28009,69847,60951,8193,57561,48958,0,55484,11495,7819.6,8356.8,48448,59191,21444,17711,17337
37477,10116,11269,17386,22238,10648,14253,21907,29133,20700,53032,61848,13458,13982,54888,36546,62935,12661,36754,58787,9957.6,48751,36545,34458,26856,19301,42522,54184,27771,22339,36005,62653,56420,53327,24383,38054,37165,20142,55143,61759,33940,39972,58327,9174.4,35134,24794,49149,10698,27972,15012,31161,12288,20364,59079,40693,56050,53720,12017,9829.3,16579,33576,38643,48998,25875,58019,45568,41490,18712,23430,64235,61049,14192,38730,46870,61040,10796,61588,29684,17615,50598,15596,62044,15758,46000,12680,47294,39480,36023,56594,59850,35585,37007,43473,55960,28614,11885,55484,0,53690,58913,56541,43519,30637,36490,43742,66068
22500,50010,48222,40784,32850,58837,56560,35622,49858,39190,14039,13276,55379,55307,11137,25149,16601,51013,49724,11197,54901,14239,48991,57530,31609,42371,14992,6239.7,61484,37277,53009,11155,6349.2,13249,31944,51274,56607,35638,13641,12145,21032,17326,15333,52588,54584,31618,47446,52425,47941,47435,51136,49534,35347,14785,57069,19852,8900.7,49465,50112,42986,57497,18648,37306,30502,8647.2,14061,57582,43634,32998,16106,15007,46336,31294,48471,12693,49177,13117,50848,38606,10220,62195,12300,57734,16438,57971,10663,63419,44842,7379.1,14798,21919,64466,54208,5456,52460,48178,11495,53690,0,8011.3,6209.3,41734,54433,20104,14759,21643
29781,55222,53326,45364,38790,63373,60776,41028,56501,45699,13512,7331.4,59669,61332,7774.8,32253,12904,56623,55571,5364,59395,15502,55524,64075,37827,48637,19616,5524.8,68069,41343,59626,4319.9,4809.6,11127,36566,57937,63191,40644,10415,7678.5,27675,20911,12675,57172,61040,36255,52735,56990,54088,51782,57600,55411,40245,10711,63610,21877,7052.6,55014,55164,49026,63975,22545,43881,35189,2842.6,16349,64120,49864,37731,10690,11129,51187,38400,55216,8080.3,54852,7073.7,57435,43556,13577,66520,5630,61739,17873,62362,13151,69911,51119,2878.6,10587,28788,70686,60753,3633.8,59087,52742,7819.6,58913,8011.3,0,3253,48548,60692,24273,18755,17142
27787,53078,51020,43040,36489,61062,58530,38994,54517,43403,11375,8909.6,57393,59109,8151.3,30341,14720,54538,54067,6882.4,57150,14647,53828,62196,35710,46530,17928,4613.9,65820,39103,57846,7214.9,2083.1,11198,34134,56207,61377,38345,11107,8459.4,25136,18337,13781,54936,59203,33881,51833,54828,52377,49582,55757,53119,37931,11635,61897,22296,5386.7,52830,52992,46882,62109,20606,42669,32682,4460.9,14962,62408,47739,35293,12763,11584,48904,36738,53770,8392.4,52580,9373.5,55522,41234,11601,64284,7924.2,59493,16781,60107,11396,68082,49629,2596.4,11739,26730,68801,59139,2409.4,57119,50464,8356.8,56541,6209.3,3253,0,46992,58933,21858,15925,18449
23347,40393,42238,43884,30491,52275,54233,33834,19878,25518,48975,52567,52963,35360,47876,20781,52417,36963,22052,50214,49566,44868,13799,25112,26228,27684,36478,45458,32908,44287,20164,51010,46778,48037,40385,16998,23417,38165,48680,51490,31989,42076,50446,46782,22383,39924,21573,46940,22519,47725,18701,35014,38526,51830,21790,42885,46998,37925,42754,30232,24199,39274,8530.1,40420,48494,42386,21646,27944,39896,54037,52910,42845,12824,8811.7,52010,37617,52006,21930,39709,43389,57432,51955,56110,44204,53725,42792,28077,16141,47395,51998,26331,30958,16896,46016,20497,46326,48448,43519,41734,48548,46992,0,24234,40703,42642,58149
34119,26880,30351,37182,29687,38284,40966,29729,12421,22284,59281,64662,40107,18739,58538,31422,63688,21575,12273,61789,35815,52690,12946,11523,27013,19163,45632,56713,20723,40117,11258,63646,58827,57814,38945,14273,12796,33922,59021,64133,38814,48326,60471,33021,11362,37970,24522,34299,8928.4,37440,8734.7,22668,34916,62717,15178,53263,57866,23587,29038,20913,9508.3,45188,31876,39878,60349,50652,16570,18359,37128,65809,64978,31469,27617,24221,64253,23956,63624,8954.2,33435,54846,43481,64141,42996,51006,39919,51767,17481,12772,59018,63023,34622,16107,18390,57788,12908,35284,59191,30637,54433,60692,58933,24234,0,44910,50885,69328
19477,32931,30630,21582,17941,40610,37547,19598,41198,26923,20344,27195,36340,40867,20933,21481,28911,35221,42688,24115,36231,14996,42860,49264,19637,29152,12574,19527,50797,17735,46079,27932,21892,19706,12910,45566,49383,17305,21960,27578,11616,5349.7,24463,34334,46754,12490,45627,33987,37955,28401,42544,34143,16730,25030,51086,27172,19194,33725,32796,28473,48854,6801.8,40088,11990,23384,12595,51845,30365,14167,29568,27652,28498,29376,47510,26838,33316,26825,41785,20257,18589,43617,27205,38489,12765,39255,12386,56180,38546,21949,25685,15799,55566,49824,21318,43583,29344,21444,36490,20104,24273,21858,40703,44910,0,11464,32863
21803,41231,38960,30051,25161,47640,45241,28303,46313,32943,11700,20580,44097,47870,17421,24504,24938,43298,48533,18992,44137,15390,47467,54531,27086,36514,14267,15332,55585,26346,51256,22230,15476,16964,20991,49963,54445,26324,19059,19695,13989,6740.5,21792,42408,52119,21836,50217,42012,44277,36836,47955,41599,25470,19587,55600,26173,14003,41498,41001,36281,54222,13442,40668,19119,18235,13526,56111,37669,23137,24469,19442,37161,31767,49448,18769,41075,21943,47717,29051,10205,50745,21304,46151,15396,46675,11603,60288,43996,16949,20398,19967,60764,53668,16476,47998,37638,17711,43742,14759,18755,15925,42642,50885,11464,0,26291
40681,61826,60816,51477,47720,68422,65322,48115,66637,55220,21377,10894,64727,69732,18464,42973,10816,63682,64874,14532,64872,21147,65845,74237,47754,58002,28621,18920,77357,47118,70066,15026,19552,17568,43830,68606,73590,48390,17941,12110,37135,29069,13365,63237,71296,43935,61905,62288,61974,57005,67370,63879,47665,10360,74146,22067,19980,62493,61756,57832,73880,30776,53333,42823,16127,24674,74664,59191,45737,8962.7,10181,58670,48623,65318,12826,63074,11908,67552,51186,19587,70765,12296,66089,24260,66960,23315,78819,60197,18700,9581.8,39685,80575,71288,19410,68105,58842,17337,66068,21643,17142,18449,58149,69328,32863,26291,0
